event_id,brightness,frp,confidence,day_night,distance_to_industrial,distance_to_refinery,distance_to_powerplant,distance_to_mine,distance_to_gas_facility,distance_to_road,near_industrial_facility,near_refinery,near_powerplant,near_mine,near_gas_facility,forest_pct,cropland_pct,grassland_pct,builtup_pct,water_pct,detections_7d,detections_30d,detections_90d,mean_frp_30d,max_frp_30d,mean_brightness_30d,days_active_30d,persistence_score,frp_deviation,frp_ratio,brightness_deviation,brightness_ratio,osm_query_status,data_quality_flags,candidate_label,verified_label,verification_status
FIRMS_C687DA77F3,330.31,1.23,50.0,day,5.0,,5.0,,5.0,1.3095,0.0,0.0,0.0,0.0,0.0,14.44,83.18,2.36,0.03,0.0,0,0,0,,,,0,0.0,0.0,1.0,0.0,1.0,industrial:not_found; refinery:not_found; powerplant:not_found; mine:not_found; gas_facility:not_found; road:ok,ok,2,2.0,proxy_verified
FIRMS_AE388204E0,335.05,13.03,50.0,day,,,,,,,,,,0.0,0.0,71.15,0.47,28.38,0.0,0.0,0,0,0,,,,0,0.0,0.0,1.0,0.0,1.0,industrial:query_failed; refinery:query_failed; powerplant:query_failed; mine:not_found; gas_facility:not_found; road:not_found,osm_partial_failure,1,1.0,proxy_verified
FIRMS_020D4BF618,345.55,12.36,50.0,day,,,,,,,0.0,,0.0,0.0,0.0,80.96,3.05,16.0,0.0,0.0,0,0,0,,,,0,0.0,0.0,1.0,0.0,1.0,industrial:not_found; refinery:query_failed; powerplant:not_found; mine:not_found; gas_facility:not_found; road:query_failed,osm_partial_failure,1,1.0,proxy_verified
FIRMS_D542A91A41,340.16,11.09,50.0,day,,,,,,,,0.0,,,,15.94,72.91,9.0,0.6,0.25,0,0,0,,,,0,0.0,0.0,1.0,0.0,1.0,industrial:query_failed; refinery:not_found; powerplant:query_failed; mine:query_failed; gas_facility:query_failed; road:query_failed,osm_partial_failure,2,2.0,proxy_verified
FIRMS_A8326B9B5D,344.78,12.39,50.0,day,,,,,,,0.0,0.0,0.0,0.0,0.0,0.0,100.0,0.0,0.0,0.0,0,0,0,,,,0,0.0,0.0,1.0,0.0,1.0,industrial:not_found; refinery:not_found; powerplant:not_found; mine:not_found; gas_facility:not_found; road:query_failed,osm_partial_failure,2,2.0,proxy_verified
FIRMS_D75A784BA1,333.99,6.03,20.0,day,,,,,,,0.0,0.0,0.0,,0.0,6.07,89.77,2.44,1.71,0.0,0,0,0,,,,0,0.0,0.0,1.0,0.0,1.0,industrial:not_found; refinery:not_found; powerplant:not_found; mine:query_failed; gas_facility:not_found; road:query_failed,osm_partial_failure,2,2.0,proxy_verified
FIRMS_3FBCD3B520,335.03,5.18,20.0,day,,,,,,0.289,0.0,0.0,0.0,0.0,,9.62,88.34,1.04,0.21,0.78,0,0,0,,,,0,0.0,0.0,1.0,0.0,1.0,industrial:not_found; refinery:not_found; powerplant:not_found; mine:not_found; gas_facility:query_failed; road:ok,osm_partial_failure,2,2.0,proxy_verified
FIRMS_5BC9E431F5,333.2,6.09,20.0,day,,,2.1278,,,0.0797,,0.0,1.0,0.0,0.0,0.06,96.87,2.4,0.0,0.5,0,0,0,,,,0,0.0,0.0,1.0,0.0,1.0,industrial:query_failed; refinery:not_found; powerplant:ok; mine:not_found; gas_facility:not_found; road:ok,osm_partial_failure,2,2.0,proxy_verified
FIRMS_2666FD5ACB,333.78,6.13,20.0,day,,,,,,0.3297,,0.0,,,0.0,23.39,75.53,1.07,0.0,0.0,0,0,0,,,,0,0.0,0.0,1.0,0.0,1.0,industrial:query_failed; refinery:not_found; powerplant:query_failed; mine:query_failed; gas_facility:not_found; road:ok,osm_partial_failure,2,2.0,proxy_verified
FIRMS_05E010FDE5,333.5,7.83,20.0,day,,,,,,0.5894,0.0,,0.0,0.0,0.0,21.28,75.26,3.27,0.01,0.02,0,0,0,,,,0,0.0,0.0,1.0,0.0,1.0,industrial:not_found; refinery:query_failed; powerplant:not_found; mine:not_found; gas_facility:not_found; road:ok,osm_partial_failure,2,2.0,proxy_verified
FIRMS_173BE28DF1,334.63,6.24,20.0,day,,,,,,,0.0,,,,,20.84,75.43,3.41,0.15,0.02,0,0,0,,,,0,0.0,0.0,1.0,0.0,1.0,industrial:not_found; refinery:query_failed; powerplant:query_failed; mine:query_failed; gas_facility:query_failed; road:query_failed,osm_partial_failure,2,2.0,proxy_verified
FIRMS_C3B6E51B7E,335.51,6.87,20.0,day,,,,,,0.1018,0.0,,0.0,0.0,0.0,11.1,65.9,22.86,0.09,0.0,0,0,0,,,,0,0.0,0.0,1.0,0.0,1.0,industrial:not_found; refinery:query_failed; powerplant:not_found; mine:not_found; gas_facility:not_found; road:ok,osm_partial_failure,2,2.0,proxy_verified
FIRMS_0ED0DB12FB,344.19,6.87,50.0,day,,,,,,0.058,0.0,0.0,0.0,0.0,0.0,9.06,77.88,12.82,0.07,0.0,0,0,1,,,,0,0.0,0.0,1.0,0.0,1.0,industrial:not_found; refinery:not_found; powerplant:not_found; mine:not_found; gas_facility:not_found; road:ok,ok,2,2.0,proxy_verified
FIRMS_81B9550C42,333.11,6.01,20.0,day,,,4.4272,,,0.2105,,,1.0,,0.0,0.16,99.36,0.47,0.0,0.0,0,0,0,,,,0,0.0,0.0,1.0,0.0,1.0,industrial:query_failed; refinery:query_failed; powerplant:ok; mine:query_failed; gas_facility:not_found; road:ok,osm_partial_failure,2,2.0,proxy_verified
FIRMS_3B803D4D94,334.4,4.72,50.0,day,,,,,,,,0.0,,0.0,,6.7,63.87,26.47,0.0,2.96,0,0,0,,,,0,0.0,0.0,1.0,0.0,1.0,industrial:query_failed; refinery:not_found; powerplant:query_failed; mine:not_found; gas_facility:query_failed; road:query_failed,osm_partial_failure,2,2.0,proxy_verified
FIRMS_AADAB58EDD,332.56,3.65,20.0,day,,,,,,1.3192,,0.0,0.0,0.0,0.0,15.87,79.06,5.07,0.0,0.0,0,0,0,,,,0,0.0,0.0,1.0,0.0,1.0,industrial:query_failed; refinery:not_found; powerplant:not_found; mine:not_found; gas_facility:not_found; road:ok,osm_partial_failure,2,2.0,proxy_verified
FIRMS_7ECB3B29DC,337.02,3.65,50.0,day,,,,,,,0.0,0.0,,,0.0,17.59,78.38,4.03,0.0,0.0,0,0,0,,,,0,0.0,0.0,1.0,0.0,1.0,industrial:not_found; refinery:not_found; powerplant:query_failed; mine:query_failed; gas_facility:not_found; road:query_failed,osm_partial_failure,2,2.0,proxy_verified
FIRMS_A3511376D8,343.2,8.89,50.0,day,,,,,,1.536,,,,,,12.0,72.11,15.68,0.06,0.15,0,0,0,,,,0,0.0,0.0,1.0,0.0,1.0,industrial:query_failed; refinery:query_failed; powerplant:query_failed; mine:query_failed; gas_facility:query_failed; road:ok,osm_partial_failure,2,2.0,proxy_verified
FIRMS_D5506758D1,338.51,9.05,50.0,day,,,,,,,,0.0,,0.0,0.0,12.64,71.81,15.05,0.05,0.44,0,0,0,,,,0,0.0,0.0,1.0,0.0,1.0,industrial:query_failed; refinery:not_found; powerplant:query_failed; mine:not_found; gas_facility:not_found; road:query_failed,osm_partial_failure,2,2.0,proxy_verified
FIRMS_4A44F09F53,337.15,6.15,50.0,day,,,,,,1.3198,,,,,,2.31,91.28,5.34,0.0,1.06,0,0,0,,,,0,0.0,0.0,1.0,0.0,1.0,industrial:query_failed; refinery:query_failed; powerplant:query_failed; mine:query_failed; gas_facility:query_failed; road:ok,osm_partial_failure,2,2.0,proxy_verified
FIRMS_351DA22EDF,336.23,12.25,50.0,day,,,,,,0.725,,0.0,0.0,,0.0,4.04,92.72,3.23,0.01,0.0,0,0,0,,,,0,0.0,0.0,1.0,0.0,1.0,industrial:query_failed; refinery:not_found; powerplant:not_found; mine:query_failed; gas_facility:not_found; road:ok,osm_partial_failure,2,2.0,proxy_verified
FIRMS_379792DC60,349.85,22.09,50.0,day,,,,,,,,,,,0.0,5.21,91.14,3.65,0.01,0.0,0,0,0,,,,0,0.0,0.0,1.0,0.0,1.0,industrial:query_failed; refinery:query_failed; powerplant:query_failed; mine:query_failed; gas_facility:not_found; road:query_failed,osm_partial_failure,2,2.0,proxy_verified
FIRMS_CBFB92F42F,344.78,10.02,50.0,day,,,,,,,,0.0,,,0.0,63.09,21.83,15.07,0.0,0.0,0,0,0,,,,0,0.0,0.0,1.0,0.0,1.0,industrial:query_failed; refinery:not_found; powerplant:query_failed; mine:query_failed; gas_facility:not_found; road:query_failed,osm_partial_failure,1,1.0,proxy_verified
FIRMS_15A68D98EC,337.52,15.6,50.0,day,,,,,,,0.0,0.0,0.0,0.0,,22.62,66.98,8.32,1.23,0.82,0,0,0,,,,0,0.0,0.0,1.0,0.0,1.0,industrial:not_found; refinery:not_found; powerplant:not_found; mine:not_found; gas_facility:query_failed; road:query_failed,osm_partial_failure,2,2.0,proxy_verified
FIRMS_F3FC63040F,337.73,7.07,50.0,day,,,,,,0.0498,0.0,0.0,0.0,,0.0,24.53,63.45,9.28,1.86,0.82,0,0,0,,,,0,0.0,0.0,1.0,0.0,1.0,industrial:not_found; refinery:not_found; powerplant:not_found; mine:query_failed; gas_facility:not_found; road:ok,osm_partial_failure,2,2.0,proxy_verified
FIRMS_71C38A5FD9,336.85,11.25,50.0,day,,,,,,0.3541,,,,,0.0,62.16,19.58,17.89,0.37,0.0,0,0,0,,,,0,0.0,0.0,1.0,0.0,1.0,industrial:query_failed; refinery:query_failed; powerplant:query_failed; mine:query_failed; gas_facility:not_found; road:ok,osm_partial_failure,1,1.0,proxy_verified
FIRMS_D8D54FEEBB,342.42,36.79,50.0,day,,,,,,0.833,,,,0.0,,71.54,13.66,14.07,0.05,0.0,0,0,0,,,,0,0.0,0.0,1.0,0.0,1.0,industrial:query_failed; refinery:query_failed; powerplant:query_failed; mine:not_found; gas_facility:query_failed; road:ok,osm_partial_failure,1,1.0,proxy_verified
FIRMS_285EB8F641,338.63,12.27,50.0,day,,,,,,0.9265,0.0,0.0,0.0,0.0,,76.62,13.56,9.82,0.01,0.0,0,0,0,,,,0,0.0,0.0,1.0,0.0,1.0,industrial:not_found; refinery:not_found; powerplant:not_found; mine:not_found; gas_facility:query_failed; road:ok,osm_partial_failure,1,1.0,proxy_verified
FIRMS_09BBFB04C2,343.18,12.27,50.0,day,,,,,,,0.0,0.0,,0.0,0.0,71.16,18.25,10.57,0.02,0.0,0,0,0,,,,0,0.0,0.0,1.0,0.0,1.0,industrial:not_found; refinery:not_found; powerplant:query_failed; mine:not_found; gas_facility:not_found; road:query_failed,osm_partial_failure,1,1.0,proxy_verified
FIRMS_BB8A828673,344.04,11.59,50.0,day,,,,,,,,0.0,,0.0,,84.63,10.31,5.06,0.0,0.0,0,0,0,,,,0,0.0,0.0,1.0,0.0,1.0,industrial:query_failed; refinery:not_found; powerplant:query_failed; mine:not_found; gas_facility:query_failed; road:query_failed,osm_partial_failure,1,1.0,proxy_verified
FIRMS_26E72CC00D,338.19,3.67,50.0,day,,,,,,,0.0,,0.0,,0.0,22.14,75.94,1.76,0.1,0.03,0,0,0,,,,0,0.0,0.0,1.0,0.0,1.0,industrial:not_found; refinery:query_failed; powerplant:not_found; mine:query_failed; gas_facility:not_found; road:query_failed,osm_partial_failure,2,2.0,proxy_verified
FIRMS_F1CF826EE2,336.96,6.48,50.0,day,,,,,,0.7698,0.0,0.0,,,,26.05,70.69,3.0,0.26,0.0,0,0,0,,,,0,0.0,0.0,1.0,0.0,1.0,industrial:not_found; refinery:not_found; powerplant:query_failed; mine:query_failed; gas_facility:query_failed; road:ok,osm_partial_failure,2,2.0,proxy_verified
FIRMS_1AD8520576,367.0,11.04,80.0,day,,,,,,0.3308,0.0,0.0,0.0,,,10.36,80.68,8.63,0.31,0.0,0,0,0,,,,0,0.0,0.0,1.0,0.0,1.0,industrial:not_found; refinery:not_found; powerplant:not_found; mine:query_failed; gas_facility:query_failed; road:ok,osm_partial_failure,2,2.0,proxy_verified
FIRMS_1A046E396D,343.24,11.04,50.0,day,,,,,,,0.0,,,,,15.01,74.37,10.31,0.29,0.0,0,0,0,,,,0,0.0,0.0,1.0,0.0,1.0,industrial:not_found; refinery:query_failed; powerplant:query_failed; mine:query_failed; gas_facility:query_failed; road:query_failed,osm_partial_failure,2,2.0,proxy_verified
FIRMS_B9165ECFA6,348.3,6.2,50.0,day,,,,,,,0.0,0.0,0.0,,,6.24,88.44,4.96,0.35,0.0,0,0,0,,,,0,0.0,0.0,1.0,0.0,1.0,industrial:not_found; refinery:not_found; powerplant:not_found; mine:query_failed; gas_facility:query_failed; road:query_failed,osm_partial_failure,2,2.0,proxy_verified
FIRMS_5131E76E89,334.62,1.33,50.0,day,,,,,,0.0295,0.0,,0.0,0.0,,7.7,84.61,5.9,1.79,0.0,0,0,0,,,,0,0.0,0.0,1.0,0.0,1.0,industrial:not_found; refinery:query_failed; powerplant:not_found; mine:not_found; gas_facility:query_failed; road:ok,osm_partial_failure,2,2.0,proxy_verified
FIRMS_DB73794659,342.93,3.55,50.0,day,,,,,,0.5017,0.0,,0.0,,0.0,10.88,79.86,9.19,0.07,0.0,0,0,0,,,,0,0.0,0.0,1.0,0.0,1.0,industrial:not_found; refinery:query_failed; powerplant:not_found; mine:query_failed; gas_facility:not_found; road:ok,osm_partial_failure,2,2.0,proxy_verified
FIRMS_47CAD69CC1,332.41,3.02,20.0,day,,,,,,,0.0,0.0,0.0,0.0,,11.36,78.08,10.51,0.05,0.0,0,0,0,,,,0,0.0,0.0,1.0,0.0,1.0,industrial:not_found; refinery:not_found; powerplant:not_found; mine:not_found; gas_facility:query_failed; road:query_failed,osm_partial_failure,2,2.0,proxy_verified
FIRMS_3CC7C2C1EF,347.73,4.54,50.0,day,,,,,,,,,0.0,0.0,0.0,9.66,80.61,4.25,5.44,0.0,0,0,0,,,,0,0.0,0.0,1.0,0.0,1.0,industrial:query_failed; refinery:query_failed; powerplant:not_found; mine:not_found; gas_facility:not_found; road:query_failed,osm_partial_failure,2,2.0,proxy_verified
FIRMS_E79880EA18,330.74,1.94,20.0,day,,,,,,0.2789,0.0,0.0,,0.0,0.0,10.0,87.32,1.97,0.72,0.0,0,0,0,,,,0,0.0,0.0,1.0,0.0,1.0,industrial:not_found; refinery:not_found; powerplant:query_failed; mine:not_found; gas_facility:not_found; road:ok,osm_partial_failure,2,2.0,proxy_verified
FIRMS_5553C5B0B0,342.87,3.96,50.0,day,,,,,,,,0.0,0.0,,0.0,7.41,89.53,2.04,1.01,0.0,0,0,0,,,,0,0.0,0.0,1.0,0.0,1.0,industrial:query_failed; refinery:not_found; powerplant:not_found; mine:query_failed; gas_facility:not_found; road:query_failed,osm_partial_failure,2,2.0,proxy_verified
FIRMS_2ED1387DB2,342.6,3.96,50.0,day,,,,,,0.3927,,0.0,0.0,0.0,0.0,9.85,81.31,3.99,4.82,0.0,0,0,0,,,,0,0.0,0.0,1.0,0.0,1.0,industrial:query_failed; refinery:not_found; powerplant:not_found; mine:not_found; gas_facility:not_found; road:ok,osm_partial_failure,2,2.0,proxy_verified
FIRMS_9BB128FE05,338.11,4.57,50.0,day,,,,,,0.179,0.0,,0.0,0.0,0.0,7.81,83.79,3.6,4.76,0.0,0,0,0,,,,0,0.0,0.0,1.0,0.0,1.0,industrial:not_found; refinery:query_failed; powerplant:not_found; mine:not_found; gas_facility:not_found; road:ok,osm_partial_failure,2,2.0,proxy_verified
FIRMS_395D596FD6,330.1,4.54,20.0,day,,,,,,,0.0,0.0,0.0,0.0,0.0,6.07,91.63,1.34,0.96,0.0,0,0,0,,,,0,0.0,0.0,1.0,0.0,1.0,industrial:not_found; refinery:not_found; powerplant:not_found; mine:not_found; gas_facility:not_found; road:query_failed,osm_partial_failure,2,2.0,proxy_verified
FIRMS_DEFF647294,337.98,2.16,50.0,day,,,,,,,0.0,,,,0.0,6.31,88.31,2.24,3.11,0.0,0,0,0,,,,0,0.0,0.0,1.0,0.0,1.0,industrial:not_found; refinery:query_failed; powerplant:query_failed; mine:query_failed; gas_facility:not_found; road:query_failed,osm_partial_failure,2,2.0,proxy_verified
FIRMS_D1BADB3E3A,333.99,2.16,50.0,day,,,,,,0.0272,0.0,0.0,0.0,0.0,0.0,7.4,87.58,2.15,2.84,0.0,0,0,0,,,,0,0.0,0.0,1.0,0.0,1.0,industrial:not_found; refinery:not_found; powerplant:not_found; mine:not_found; gas_facility:not_found; road:ok,ok,2,2.0,proxy_verified
FIRMS_D1207D1FA7,343.88,4.15,50.0,day,,,,,,,0.0,0.0,,,0.0,6.38,88.3,2.12,3.17,0.0,0,0,0,,,,0,0.0,0.0,1.0,0.0,1.0,industrial:not_found; refinery:not_found; powerplant:query_failed; mine:query_failed; gas_facility:not_found; road:query_failed,osm_partial_failure,2,2.0,proxy_verified
FIRMS_CFD94FC7B0,349.88,4.15,50.0,day,,,,,,,,0.0,0.0,0.0,0.0,7.12,87.73,2.05,3.08,0.0,0,0,0,,,,0,0.0,0.0,1.0,0.0,1.0,industrial:query_failed; refinery:not_found; powerplant:not_found; mine:not_found; gas_facility:not_found; road:query_failed,osm_partial_failure,2,2.0,proxy_verified
FIRMS_D45034B46D,367.0,10.51,80.0,day,,,,,,0.3498,0.0,0.0,0.0,0.0,0.0,7.57,85.85,2.57,4.01,0.0,0,0,0,,,,0,0.0,0.0,1.0,0.0,1.0,industrial:not_found; refinery:not_found; powerplant:not_found; mine:not_found; gas_facility:not_found; road:ok,ok,2,2.0,proxy_verified
FIRMS_300CBF77F2,333.51,2.36,20.0,day,,,,,,,,,0.0,,,7.09,89.55,1.93,1.39,0.0,0,0,0,,,,0,0.0,0.0,1.0,0.0,1.0,industrial:query_failed; refinery:query_failed; powerplant:not_found; mine:query_failed; gas_facility:query_failed; road:query_failed,osm_partial_failure,2,2.0,proxy_verified
FIRMS_4AD73B9B4D,340.36,3.35,50.0,day,,,,,,0.3658,0.0,0.0,0.0,0.0,0.0,11.18,85.85,2.69,0.25,0.0,0,0,0,,,,0,0.0,0.0,1.0,0.0,1.0,industrial:not_found; refinery:not_found; powerplant:not_found; mine:not_found; gas_facility:not_found; road:ok,ok,2,2.0,proxy_verified
FIRMS_21D02AA41F,336.99,8.44,50.0,day,,,,,,0.2508,0.0,,,,0.0,21.46,71.96,3.72,2.85,0.0,0,0,0,,,,0,0.0,0.0,1.0,0.0,1.0,industrial:not_found; refinery:query_failed; powerplant:query_failed; mine:query_failed; gas_facility:not_found; road:ok,osm_partial_failure,2,2.0,proxy_verified
FIRMS_AC8508424D,337.66,11.36,50.0,day,,,,,,,0.0,0.0,0.0,0.0,0.0,21.29,72.93,3.91,1.86,0.0,0,0,0,,,,0,0.0,0.0,1.0,0.0,1.0,industrial:not_found; refinery:not_found; powerplant:not_found; mine:not_found; gas_facility:not_found; road:query_failed,osm_partial_failure,2,2.0,proxy_verified
FIRMS_A2026F22C3,339.99,6.17,50.0,day,,,,,,0.3772,0.0,0.0,0.0,,0.0,11.53,81.37,5.58,1.45,0.07,0,0,0,,,,0,0.0,0.0,1.0,0.0,1.0,industrial:not_found; refinery:not_found; powerplant:not_found; mine:query_failed; gas_facility:not_found; road:ok,osm_partial_failure,2,2.0,proxy_verified
FIRMS_6F6072A974,343.87,13.59,50.0,day,,,,,,,0.0,,0.0,0.0,0.0,13.32,76.32,6.81,0.17,3.35,0,0,0,,,,0,0.0,0.0,1.0,0.0,1.0,industrial:not_found; refinery:query_failed; powerplant:not_found; mine:not_found; gas_facility:not_found; road:query_failed,osm_partial_failure,2,2.0,proxy_verified
FIRMS_8942192DBB,345.21,8.15,50.0,day,,,,,,0.2372,,0.0,,0.0,,12.73,75.88,8.9,2.16,0.15,0,0,1,,,,0,0.0,0.0,1.0,0.0,1.0,industrial:query_failed; refinery:not_found; powerplant:query_failed; mine:not_found; gas_facility:query_failed; road:ok,osm_partial_failure,2,2.0,proxy_verified
FIRMS_10C8D8DB0D,343.55,11.34,50.0,day,,,,,,0.1122,,,,0.0,0.0,10.88,63.18,24.56,1.33,0.01,0,0,0,,,,0,0.0,0.0,1.0,0.0,1.0,industrial:query_failed; refinery:query_failed; powerplant:query_failed; mine:not_found; gas_facility:not_found; road:ok,osm_partial_failure,2,2.0,proxy_verified
FIRMS_FD3EA917C6,334.72,1.56,50.0,day,,,,,,,0.0,0.0,0.0,,0.0,9.72,82.24,3.85,4.09,0.0,0,0,0,,,,0,0.0,0.0,1.0,0.0,1.0,industrial:not_found; refinery:not_found; powerplant:not_found; mine:query_failed; gas_facility:not_found; road:query_failed,osm_partial_failure,2,2.0,proxy_verified
FIRMS_747C953670,336.68,2.19,50.0,day,,,,,,0.458,,0.0,0.0,,,22.51,63.88,9.42,1.71,0.0,0,0,0,,,,0,0.0,0.0,1.0,0.0,1.0,industrial:query_failed; refinery:not_found; powerplant:not_found; mine:query_failed; gas_facility:query_failed; road:ok,osm_partial_failure,2,2.0,proxy_verified
FIRMS_4946F9C28C,333.65,3.46,50.0,day,,,,,,0.3847,0.0,0.0,,,,3.18,74.56,19.97,2.04,0.04,0,0,0,,,,0,0.0,0.0,1.0,0.0,1.0,industrial:not_found; refinery:not_found; powerplant:query_failed; mine:query_failed; gas_facility:query_failed; road:ok,osm_partial_failure,2,2.0,proxy_verified
FIRMS_723D403C13,343.02,11.47,50.0,day,,,,1.9149,,0.0907,,,,1.0,0.0,13.09,61.17,8.94,11.68,4.74,0,0,0,,,,0,0.0,0.0,1.0,0.0,1.0,industrial:query_failed; refinery:query_failed; powerplant:query_failed; mine:ok; gas_facility:not_found; road:ok,osm_partial_failure,2,2.0,proxy_verified
FIRMS_3D76CB932F,343.95,8.52,50.0,day,,,,,,0.1847,,0.0,0.0,0.0,,11.43,82.68,3.71,1.97,0.08,0,0,0,,,,0,0.0,0.0,1.0,0.0,1.0,industrial:query_failed; refinery:not_found; powerplant:not_found; mine:not_found; gas_facility:query_failed; road:ok,osm_partial_failure,2,2.0,proxy_verified
FIRMS_AB56938C83,338.82,7.0,20.0,day,,,,,,,0.0,0.0,0.0,0.0,,16.24,74.16,8.08,0.0,0.96,0,0,0,,,,0,0.0,0.0,1.0,0.0,1.0,industrial:not_found; refinery:not_found; powerplant:not_found; mine:not_found; gas_facility:query_failed; road:query_failed,osm_partial_failure,2,2.0,proxy_verified
FIRMS_0614BF0011,339.55,7.0,50.0,day,,,,,,1.3216,,0.0,0.0,0.0,0.0,14.37,75.73,8.39,0.0,0.96,0,0,0,,,,0,0.0,0.0,1.0,0.0,1.0,industrial:query_failed; refinery:not_found; powerplant:not_found; mine:not_found; gas_facility:not_found; road:ok,osm_partial_failure,2,2.0,proxy_verified
FIRMS_EB00622F04,334.61,3.03,50.0,day,,,,,,0.8862,0.0,0.0,0.0,0.0,,4.34,94.2,0.47,0.87,0.0,0,0,0,,,,0,0.0,0.0,1.0,0.0,1.0,industrial:not_found; refinery:not_found; powerplant:not_found; mine:not_found; gas_facility:query_failed; road:ok,osm_partial_failure,2,2.0,proxy_verified
FIRMS_0D850CDB71,331.8,2.61,50.0,day,,,,,,0.6913,0.0,0.0,0.0,,,4.58,94.51,0.45,0.46,0.0,0,0,0,,,,0,0.0,0.0,1.0,0.0,1.0,industrial:not_found; refinery:not_found; powerplant:not_found; mine:query_failed; gas_facility:query_failed; road:ok,osm_partial_failure,2,2.0,proxy_verified
FIRMS_10C9FFDAE3,338.6,3.31,50.0,day,,,,,,0.266,,0.0,0.0,0.0,,0.0,99.1,0.6,0.0,0.0,0,0,3,,,,0,0.0,0.0,1.0,0.0,1.0,industrial:query_failed; refinery:not_found; powerplant:not_found; mine:not_found; gas_facility:query_failed; road:ok,osm_partial_failure,2,2.0,proxy_verified
FIRMS_6838BEED06,347.49,6.68,50.0,day,,,,,,0.2803,0.0,0.0,0.0,0.0,0.0,0.0,98.24,1.39,0.0,0.0,0,0,0,,,,0,0.0,0.0,1.0,0.0,1.0,industrial:not_found; refinery:not_found; powerplant:not_found; mine:not_found; gas_facility:not_found; road:ok,ok,2,2.0,proxy_verified
SYN_IND_001,348.43,38.54,50.0,day,1.8302,,1.1826,,,0.9021,1.0,0.0,1.0,0.0,0.0,20.03,8.96,48.48,17.44,5.08,1,16,24,36.1356,65.2053,341.5055,16,0.5333,2.4044,1.088,6.9245,1.0142,industrial:ok; refinery:not_found; powerplant:not_found; mine:not_found; gas_facility:not_found; road:ok,synthetic,0,0.0,synthetic
SYN_IND_002,356.57,34.87,50.0,day,1.9182,,3.8573,,,1.3494,1.0,0.0,1.0,0.0,0.0,5.2,24.16,45.18,22.08,3.38,6,14,55,39.6839,47.5003,360.4782,11,0.3667,-4.8139,0.8572,-3.9082,0.9734,industrial:ok; refinery:not_found; powerplant:not_found; mine:not_found; gas_facility:not_found; road:ok,synthetic,0,0.0,synthetic
SYN_IND_003,347.76,25.43,50.0,night,3.3446,,,,,0.4211,1.0,0.0,0.0,0.0,0.0,1.65,11.96,16.71,60.6,9.09,8,12,17,31.115,59.2461,346.5052,10,0.3333,-5.685,0.9343,1.2548,1.0395,industrial:ok; refinery:not_found; powerplant:not_found; mine:not_found; gas_facility:not_found; road:ok,synthetic,0,0.0,synthetic
SYN_IND_004,350.22,25.56,50.0,night,3.2915,0.9297,,,,0.2723,1.0,1.0,0.0,0.0,0.0,33.41,5.64,38.17,19.83,2.96,7,35,46,24.2953,29.8713,342.4012,30,1.0,1.2647,0.8567,7.8188,0.9819,industrial:ok; refinery:not_found; powerplant:not_found; mine:not_found; gas_facility:not_found; road:ok,synthetic,0,0.0,synthetic
SYN_IND_005,350.59,13.73,50.0,night,0.8593,,,,,1.1215,1.0,0.0,0.0,0.0,0.0,43.11,13.85,18.8,20.75,3.49,4,11,41,17.4225,23.6563,354.6125,8,0.2667,-3.6925,0.6724,-4.0225,1.02,industrial:ok; refinery:not_found; powerplant:not_found; mine:not_found; gas_facility:not_found; road:ok,synthetic,0,0.0,synthetic
SYN_IND_006,349.58,12.98,50.0,day,4.3941,,,,,0.7277,0.0,0.0,0.0,0.0,0.0,4.15,23.65,10.36,54.27,7.57,2,20,37,13.2943,25.0061,349.4204,13,0.4333,-0.3143,1.0213,0.1596,1.0037,industrial:ok; refinery:not_found; powerplant:not_found; mine:not_found; gas_facility:not_found; road:ok,synthetic,0,0.0,synthetic
SYN_IND_007,344.8,38.64,50.0,day,0.981,,,,,0.2027,1.0,0.0,0.0,0.0,0.0,6.68,28.31,45.45,16.02,3.55,2,33,67,27.6613,37.5156,338.797,29,0.9667,10.9787,0.7539,6.003,0.9719,industrial:ok; refinery:not_found; powerplant:not_found; mine:not_found; gas_facility:not_found; road:ok,synthetic,0,0.0,synthetic
SYN_IND_008,336.27,16.21,50.0,night,1.499,,,,,1.3188,1.0,0.0,0.0,0.0,0.0,8.06,7.88,13.52,67.77,2.77,5,25,68,10.2849,14.7717,335.0788,15,0.5,5.9251,0.7415,1.1912,1.045,industrial:ok; refinery:not_found; powerplant:not_found; mine:not_found; gas_facility:not_found; road:ok,synthetic,0,0.0,synthetic
SYN_IND_009,336.2,51.47,50.0,night,4.9694,,,,,0.9816,0.0,0.0,0.0,0.0,0.0,18.03,12.97,14.06,47.72,7.22,4,31,62,53.9248,72.2494,330.017,18,0.6,-2.4548,1.0801,6.183,1.0075,industrial:ok; refinery:not_found; powerplant:not_found; mine:not_found; gas_facility:not_found; road:ok,synthetic,0,0.0,synthetic
SYN_IND_010,340.35,25.27,50.0,day,2.463,,,,,1.3787,1.0,0.0,0.0,0.0,0.0,18.05,21.45,22.26,32.74,5.49,7,13,45,26.3577,35.8291,341.9036,9,0.3,-1.0877,0.8322,-1.5536,1.0325,industrial:ok; refinery:not_found; powerplant:not_found; mine:not_found; gas_facility:not_found; road:ok,synthetic,0,0.0,synthetic
SYN_IND_011,354.8,14.21,50.0,day,3.6267,,4.3479,,,1.2113,0.0,0.0,1.0,0.0,0.0,20.19,18.02,31.2,28.97,1.61,5,28,30,14.655,18.3797,354.1444,10,0.3333,-0.445,1.1652,0.6556,1.0119,industrial:ok; refinery:not_found; powerplant:not_found; mine:not_found; gas_facility:not_found; road:ok,synthetic,0,0.0,synthetic
SYN_IND_012,347.02,43.9,50.0,day,3.2731,0.9099,3.2341,,,0.657,1.0,1.0,1.0,0.0,0.0,9.02,18.22,29.44,38.16,5.15,3,25,61,36.0027,44.71,340.9412,14,0.4667,7.8973,1.4925,6.0788,1.0094,industrial:ok; refinery:not_found; powerplant:not_found; mine:not_found; gas_facility:not_found; road:ok,synthetic,0,0.0,synthetic
SYN_IND_013,343.82,42.3,50.0,night,4.2191,,,,,1.0908,0.0,0.0,0.0,0.0,0.0,24.77,13.92,11.59,48.84,0.89,5,21,22,25.7443,38.8452,346.5502,17,0.5667,16.5557,0.9158,-2.7302,1.0113,industrial:ok; refinery:not_found; powerplant:not_found; mine:not_found; gas_facility:not_found; road:ok,synthetic,0,0.0,synthetic
SYN_IND_014,345.17,22.19,80.0,night,3.4902,,3.8965,,,0.2043,1.0,0.0,1.0,0.0,0.0,17.23,1.8,28.68,46.34,5.95,1,32,41,15.5356,27.95,339.7467,15,0.5,6.6544,1.4696,5.4233,1.0291,industrial:ok; refinery:not_found; powerplant:not_found; mine:not_found; gas_facility:not_found; road:ok,synthetic,0,0.0,synthetic
SYN_IND_015,335.83,8.26,50.0,night,3.8578,,3.7636,,,1.3953,0.0,0.0,1.0,0.0,0.0,24.3,0.87,32.55,40.82,1.46,1,11,52,9.2647,15.4444,338.8947,7,0.2333,-1.0047,0.7897,-3.0647,1.0361,industrial:ok; refinery:not_found; powerplant:not_found; mine:not_found; gas_facility:not_found; road:ok,synthetic,0,0.0,synthetic
SYN_IND_016,339.44,20.73,50.0,night,0.3799,,4.0713,,,1.0789,1.0,0.0,1.0,0.0,0.0,9.62,38.54,19.11,26.72,6.0,7,23,35,20.7443,25.5283,343.7383,17,0.5667,-0.0143,0.9212,-4.2983,1.022,industrial:ok; refinery:not_found; powerplant:not_found; mine:not_found; gas_facility:not_found; road:ok,synthetic,0,0.0,synthetic
SYN_IND_017,351.09,38.51,80.0,day,1.5333,,1.2962,,,0.4532,1.0,0.0,1.0,0.0,0.0,22.78,17.75,29.27,26.36,3.84,4,12,61,38.965,53.9796,343.5588,5,0.1667,-0.455,1.0266,7.5312,1.0127,industrial:ok; refinery:not_found; powerplant:not_found; mine:not_found; gas_facility:not_found; road:ok,synthetic,0,0.0,synthetic
SYN_IND_018,340.19,34.91,50.0,night,2.353,,,,,0.8463,1.0,0.0,0.0,0.0,0.0,12.61,13.45,36.12,31.38,6.44,8,23,29,33.2533,52.1494,342.5883,22,0.7333,1.6567,0.933,-2.3983,1.0454,industrial:ok; refinery:not_found; powerplant:not_found; mine:not_found; gas_facility:not_found; road:ok,synthetic,0,0.0,synthetic
SYN_IND_019,346.37,13.45,50.0,night,1.126,,1.9614,,,1.1269,1.0,0.0,1.0,0.0,0.0,31.37,10.22,47.03,9.96,1.41,5,14,52,11.5057,22.5809,351.311,5,0.1667,1.9443,1.3449,-4.941,0.998,industrial:ok; refinery:not_found; powerplant:not_found; mine:not_found; gas_facility:not_found; road:ok,synthetic,0,0.0,synthetic
SYN_IND_020,350.82,41.15,50.0,night,0.8899,,1.4139,,,1.2626,1.0,0.0,1.0,0.0,0.0,19.53,17.29,22.0,40.36,0.83,4,22,63,26.9958,48.047,348.4591,13,0.4333,14.1542,1.0724,2.3609,0.9836,industrial:ok; refinery:not_found; powerplant:not_found; mine:not_found; gas_facility:not_found; road:ok,synthetic,0,0.0,synthetic
SYN_IND_021,339.16,50.63,50.0,day,1.8177,,,,,0.172,1.0,0.0,0.0,0.0,0.0,19.85,15.16,40.61,19.16,5.21,7,30,55,43.371,68.768,335.5599,11,0.3667,7.259,1.41,3.6001,1.0134,industrial:ok; refinery:not_found; powerplant:not_found; mine:not_found; gas_facility:not_found; road:ok,synthetic,0,0.0,synthetic
SYN_IND_022,352.68,48.04,50.0,night,3.0059,,,,,0.8205,1.0,0.0,0.0,0.0,0.0,35.42,18.26,28.87,15.73,1.72,3,8,27,29.6588,57.3813,350.5067,3,0.1,18.3812,0.9268,2.1733,1.0239,industrial:ok; refinery:not_found; powerplant:not_found; mine:not_found; gas_facility:not_found; road:ok,synthetic,0,0.0,synthetic
SYN_IND_023,335.17,21.07,50.0,night,4.4305,,,,,1.3598,0.0,0.0,0.0,0.0,0.0,18.42,15.31,34.25,31.35,0.67,6,22,61,20.7997,35.1243,339.7776,14,0.4667,0.2703,1.5361,-4.6076,0.9959,industrial:ok; refinery:not_found; powerplant:not_found; mine:not_found; gas_facility:not_found; road:ok,synthetic,0,0.0,synthetic
SYN_IND_024,351.88,43.25,50.0,day,2.7652,,,,,0.7242,1.0,0.0,0.0,0.0,0.0,22.82,1.83,21.98,49.37,4.0,7,23,35,50.8537,57.6312,348.7251,22,0.7333,-7.6037,0.6938,3.1549,0.9798,industrial:ok; refinery:not_found; powerplant:not_found; mine:not_found; gas_facility:not_found; road:ok,synthetic,0,0.0,synthetic
SYN_IND_025,350.53,41.52,50.0,night,4.7013,1.3209,,,,1.2943,0.0,1.0,0.0,0.0,0.0,34.73,1.13,45.81,13.18,5.15,8,27,53,31.8193,59.4226,347.0544,21,0.7,9.7007,1.418,3.4756,0.9969,industrial:ok; refinery:not_found; powerplant:not_found; mine:not_found; gas_facility:not_found; road:ok,synthetic,0,0.0,synthetic
SYN_IND_026,348.58,26.66,50.0,night,0.4799,,,,,1.2208,1.0,0.0,0.0,0.0,0.0,13.5,3.39,20.53,57.83,4.75,8,13,62,27.1039,39.3855,352.4789,11,0.3667,-0.4439,1.0972,-3.8989,0.9821,industrial:ok; refinery:not_found; powerplant:not_found; mine:not_found; gas_facility:not_found; road:ok,synthetic,0,0.0,synthetic
SYN_IND_027,343.4,11.16,50.0,day,2.294,,,,,1.4409,1.0,0.0,0.0,0.0,0.0,8.57,20.26,27.89,41.51,1.78,3,23,65,10.8328,19.1533,343.0797,22,0.7333,0.3272,1.2381,0.3203,0.9969,industrial:ok; refinery:not_found; powerplant:not_found; mine:not_found; gas_facility:not_found; road:ok,synthetic,0,0.0,synthetic
SYN_IND_028,340.55,23.16,50.0,night,2.0529,,,,,0.6857,1.0,0.0,0.0,0.0,0.0,16.99,15.39,37.63,24.3,5.68,7,15,41,23.0099,27.421,341.038,7,0.2333,0.1501,1.5098,-0.488,1.0161,industrial:ok; refinery:not_found; powerplant:not_found; mine:not_found; gas_facility:not_found; road:ok,synthetic,0,0.0,synthetic
SYN_IND_029,344.96,9.68,80.0,day,1.012,2.0929,,,,0.5032,1.0,1.0,0.0,0.0,0.0,29.12,3.45,29.5,24.73,13.21,2,20,69,8.4786,12.5055,336.9816,10,0.3333,1.2014,0.7509,7.9784,1.0476,industrial:ok; refinery:not_found; powerplant:not_found; mine:not_found; gas_facility:not_found; road:ok,synthetic,0,0.0,synthetic
SYN_IND_030,335.03,31.88,50.0,day,2.7759,,1.9932,,,0.4016,1.0,0.0,1.0,0.0,0.0,8.21,8.91,39.67,34.85,8.35,1,21,45,35.0071,43.2481,327.6459,13,0.4333,-3.1271,0.7744,7.3841,1.0527,industrial:ok; refinery:not_found; powerplant:not_found; mine:not_found; gas_facility:not_found; road:ok,synthetic,0,0.0,synthetic
SYN_IND_031,335.21,16.85,50.0,day,0.9974,,,,,1.2817,1.0,0.0,0.0,0.0,0.0,24.69,4.87,52.5,10.25,7.7,7,35,45,20.9472,31.6096,335.0545,16,0.5333,-4.0972,1.5362,0.1555,1.0025,industrial:ok; refinery:not_found; powerplant:not_found; mine:not_found; gas_facility:not_found; road:ok,synthetic,0,0.0,synthetic
SYN_IND_032,353.7,22.96,50.0,night,1.5663,,0.9104,,,0.5524,1.0,0.0,1.0,0.0,0.0,33.32,24.4,21.0,12.8,8.48,3,31,35,23.32,28.297,347.5683,28,0.9333,-0.36,1.2738,6.1317,0.9856,industrial:ok; refinery:not_found; powerplant:not_found; mine:not_found; gas_facility:not_found; road:ok,synthetic,0,0.0,synthetic
SYN_IND_033,346.67,54.61,50.0,day,4.377,3.6406,,,,0.8275,0.0,1.0,0.0,0.0,0.0,2.15,19.03,25.23,50.45,3.14,6,17,69,33.4602,54.7457,341.6766,15,0.5,21.1498,1.4365,4.9934,0.9928,industrial:ok; refinery:not_found; powerplant:not_found; mine:not_found; gas_facility:not_found; road:ok,synthetic,0,0.0,synthetic
SYN_IND_034,349.05,34.02,50.0,night,4.3504,,,,,0.6579,0.0,0.0,0.0,0.0,0.0,30.91,15.14,10.31,39.68,3.96,1,34,62,29.8187,51.1189,342.9919,28,0.9333,4.2013,1.5154,6.0581,0.9861,industrial:ok; refinery:not_found; powerplant:not_found; mine:not_found; gas_facility:not_found; road:ok,synthetic,0,0.0,synthetic
SYN_IND_035,339.59,48.37,80.0,day,2.6205,,,,,0.7997,1.0,0.0,0.0,0.0,0.0,20.81,11.36,30.93,36.21,0.69,8,29,58,56.0448,66.6864,334.2472,27,0.9,-7.6748,1.3192,5.3428,0.9721,industrial:ok; refinery:not_found; powerplant:not_found; mine:not_found; gas_facility:not_found; road:ok,synthetic,0,0.0,synthetic
SYN_IND_036,357.52,25.73,50.0,night,1.2531,,,,,0.6433,1.0,0.0,0.0,0.0,0.0,14.25,4.5,43.25,35.13,2.88,4,18,58,18.3715,31.5274,353.9332,7,0.2333,7.3585,1.5094,3.5868,0.9919,industrial:ok; refinery:not_found; powerplant:not_found; mine:not_found; gas_facility:not_found; road:ok,synthetic,0,0.0,synthetic
SYN_IND_037,337.28,43.41,50.0,day,0.813,,,,,0.4262,1.0,0.0,0.0,0.0,0.0,34.98,17.85,31.06,11.59,4.52,1,32,41,35.0033,62.5972,340.6772,15,0.5,8.4067,1.4615,-3.3972,1.0586,industrial:ok; refinery:not_found; powerplant:not_found; mine:not_found; gas_facility:not_found; road:ok,synthetic,0,0.0,synthetic
SYN_IND_038,357.59,52.79,50.0,day,2.0246,3.4603,,,,0.8364,1.0,1.0,0.0,0.0,0.0,7.99,31.79,28.18,24.78,7.26,6,22,58,45.3929,66.472,359.4702,11,0.3667,7.3971,1.3451,-1.8802,0.9886,industrial:ok; refinery:not_found; powerplant:not_found; mine:not_found; gas_facility:not_found; road:ok,synthetic,0,0.0,synthetic
SYN_IND_039,356.66,13.67,50.0,day,2.9934,1.9475,,,,0.4056,1.0,1.0,0.0,0.0,0.0,22.47,6.54,33.77,33.81,3.41,2,28,42,9.745,18.9639,360.2039,13,0.4333,3.925,1.3496,-3.5439,1.0166,industrial:ok; refinery:not_found; powerplant:not_found; mine:not_found; gas_facility:not_found; road:ok,synthetic,0,0.0,synthetic
SYN_IND_040,346.28,32.9,50.0,day,0.6147,,,,,1.4321,1.0,0.0,0.0,0.0,0.0,11.26,10.31,51.15,26.88,0.41,1,18,26,27.1449,44.7162,344.3252,17,0.5667,5.7551,1.0104,1.9548,1.0179,industrial:ok; refinery:not_found; powerplant:not_found; mine:not_found; gas_facility:not_found; road:ok,synthetic,0,0.0,synthetic
SYN_WF_001,343.31,27.24,50.0,day,3.1105,,,,,3.2031,0.0,0.0,0.0,0.0,0.0,68.81,9.14,16.77,2.9,2.38,1,1,1,11.5776,17.5087,337.2929,0,0.0,15.6624,2.3528,6.0171,1.0178,industrial:ok; refinery:not_found; powerplant:not_found; mine:not_found; gas_facility:not_found; road:ok,synthetic,1,1.0,synthetic
SYN_WF_002,342.26,16.05,80.0,day,4.5401,,,,,3.0259,0.0,0.0,0.0,0.0,0.0,78.42,5.98,4.7,5.92,4.98,0,1,7,4.1385,7.0648,340.2457,1,0.0333,11.9115,3.8782,2.0143,1.0059,industrial:ok; refinery:not_found; powerplant:not_found; mine:not_found; gas_facility:not_found; road:ok,synthetic,1,1.0,synthetic
SYN_WF_003,339.16,12.0,50.0,day,4.9521,,,,,0.3368,0.0,0.0,0.0,0.0,0.0,62.63,3.95,24.81,5.38,3.22,0,2,7,4.164,7.2893,333.9536,2,0.0667,7.836,2.8818,5.2064,1.0156,industrial:ok; refinery:not_found; powerplant:not_found; mine:not_found; gas_facility:not_found; road:ok,synthetic,1,1.0,synthetic
SYN_WF_004,349.02,32.76,80.0,night,3.7911,,,,,0.4237,0.0,0.0,0.0,0.0,0.0,71.02,3.43,21.96,2.07,1.52,0,1,4,11.2003,24.9061,344.1627,1,0.0333,21.5597,2.9249,4.8573,1.0141,industrial:ok; refinery:not_found; powerplant:not_found; mine:not_found; gas_facility:not_found; road:ok,synthetic,1,1.0,synthetic
SYN_WF_005,359.28,22.25,50.0,day,3.7281,,,,,3.1363,0.0,0.0,0.0,0.0,0.0,66.22,1.47,28.58,0.99,2.74,0,1,5,3.0077,5.3152,351.1317,0,0.0,19.2423,7.3977,8.1483,1.0232,industrial:ok; refinery:not_found; powerplant:not_found; mine:not_found; gas_facility:not_found; road:ok,synthetic,1,1.0,synthetic
SYN_WF_006,334.11,31.44,80.0,day,4.652,,,,,2.8986,0.0,0.0,0.0,0.0,0.0,72.22,1.14,21.59,2.02,3.03,0,2,4,14.1686,30.8216,330.9805,2,0.0667,17.2714,2.219,3.1295,1.0095,industrial:ok; refinery:not_found; powerplant:not_found; mine:not_found; gas_facility:not_found; road:ok,synthetic,1,1.0,synthetic
SYN_WF_007,344.77,14.55,50.0,day,2.715,,,,,0.6994,0.0,0.0,0.0,0.0,0.0,62.91,5.65,24.94,5.85,0.65,1,4,5,6.3948,14.9485,342.4584,2,0.0667,8.1552,2.2753,2.3116,1.0068,industrial:ok; refinery:not_found; powerplant:not_found; mine:not_found; gas_facility:not_found; road:ok,synthetic,1,1.0,synthetic
SYN_WF_008,360.93,13.5,50.0,day,4.3368,,,,,2.0258,0.0,0.0,0.0,0.0,0.0,70.2,8.45,21.02,0.13,0.2,1,4,6,5.0294,8.7725,351.9263,2,0.0667,8.4706,2.6842,9.0037,1.0256,industrial:ok; refinery:not_found; powerplant:not_found; mine:not_found; gas_facility:not_found; road:ok,synthetic,1,1.0,synthetic
SYN_WF_009,359.45,27.89,50.0,day,3.2869,,,,,2.0179,0.0,0.0,0.0,0.0,0.0,89.41,0.01,5.18,1.23,4.17,1,3,8,20.1928,36.568,343.0687,0,0.0,7.6972,1.3812,16.3813,1.0477,industrial:ok; refinery:not_found; powerplant:not_found; mine:not_found; gas_facility:not_found; road:ok,synthetic,1,1.0,synthetic
SYN_WF_010,362.94,8.32,50.0,day,4.1988,,,,,0.8279,0.0,0.0,0.0,0.0,0.0,77.96,7.96,11.85,1.38,0.85,2,3,4,4.3189,5.493,341.057,1,0.0333,4.0011,1.9264,21.883,1.0642,industrial:ok; refinery:not_found; powerplant:not_found; mine:not_found; gas_facility:not_found; road:ok,synthetic,1,1.0,synthetic
SYN_WF_011,341.47,29.81,50.0,night,2.7496,,,,,0.4652,0.0,0.0,0.0,0.0,0.0,66.53,1.93,21.94,5.62,3.98,0,0,8,,,,1,0.0333,0.0,1.0,0.0,1.0,industrial:ok; refinery:not_found; powerplant:not_found; mine:not_found; gas_facility:not_found; road:ok,synthetic,1,1.0,synthetic
SYN_WF_012,364.89,7.72,50.0,day,3.9422,,,,,2.841,0.0,0.0,0.0,0.0,0.0,58.99,6.65,27.29,2.75,4.32,2,2,5,4.8572,6.6372,340.5605,2,0.0667,2.8628,1.5894,24.3295,1.0714,industrial:ok; refinery:not_found; powerplant:not_found; mine:not_found; gas_facility:not_found; road:ok,synthetic,1,1.0,synthetic
SYN_WF_013,339.18,10.03,20.0,day,3.5217,,,,,1.5672,0.0,0.0,0.0,0.0,0.0,66.38,9.94,20.77,1.74,1.17,0,1,5,5.3202,10.9403,333.9806,1,0.0333,4.7098,1.8853,5.1994,1.0156,industrial:ok; refinery:not_found; powerplant:not_found; mine:not_found; gas_facility:not_found; road:ok,synthetic,1,1.0,synthetic
SYN_WF_014,343.26,19.48,50.0,day,4.3078,,,,,1.4229,0.0,0.0,0.0,0.0,0.0,65.47,10.78,18.28,1.53,3.93,2,2,9,11.418,14.482,340.6466,0,0.0,8.062,1.7061,2.6134,1.0077,industrial:ok; refinery:not_found; powerplant:not_found; mine:not_found; gas_facility:not_found; road:ok,synthetic,1,1.0,synthetic
SYN_WF_015,345.56,42.03,80.0,day,3.201,,,,,2.0131,0.0,0.0,0.0,0.0,0.0,57.68,12.76,24.15,3.09,2.32,1,2,2,13.1278,30.7505,335.0587,1,0.0333,28.9022,3.2016,10.5013,1.0313,industrial:ok; refinery:not_found; powerplant:not_found; mine:not_found; gas_facility:not_found; road:ok,synthetic,1,1.0,synthetic
SYN_WF_016,351.08,16.54,50.0,day,3.8412,,,,,3.3824,0.0,0.0,0.0,0.0,0.0,74.72,1.86,18.06,2.46,2.9,1,3,5,11.2978,20.6331,340.7686,0,0.0,5.2422,1.464,10.3114,1.0303,industrial:ok; refinery:not_found; powerplant:not_found; mine:not_found; gas_facility:not_found; road:ok,synthetic,1,1.0,synthetic
SYN_WF_017,364.43,29.68,50.0,day,2.796,,,,,2.8022,0.0,0.0,0.0,0.0,0.0,82.92,3.59,9.1,4.29,0.1,0,0,9,,,,1,0.0333,0.0,1.0,0.0,1.0,industrial:ok; refinery:not_found; powerplant:not_found; mine:not_found; gas_facility:not_found; road:ok,synthetic,1,1.0,synthetic
SYN_WF_018,347.84,32.91,50.0,day,4.0468,,,,,0.2363,0.0,0.0,0.0,0.0,0.0,78.28,3.02,17.01,0.82,0.88,1,2,3,25.0991,43.3334,342.8141,0,0.0,7.8109,1.3112,5.0259,1.0147,industrial:ok; refinery:not_found; powerplant:not_found; mine:not_found; gas_facility:not_found; road:ok,synthetic,1,1.0,synthetic
SYN_WF_019,364.18,9.15,80.0,night,3.5726,,,,,1.5657,0.0,0.0,0.0,0.0,0.0,59.61,15.22,18.85,6.12,0.2,1,1,5,6.9009,8.6858,360.1164,0,0.0,2.2491,1.3259,4.0636,1.0113,industrial:ok; refinery:not_found; powerplant:not_found; mine:not_found; gas_facility:not_found; road:ok,synthetic,1,1.0,synthetic
SYN_WF_020,359.8,10.58,50.0,night,3.8372,,,,,3.2135,0.0,0.0,0.0,0.0,0.0,77.11,5.75,12.63,0.34,4.17,0,1,8,4.563,11.1962,332.6212,0,0.0,6.017,2.3187,27.1788,1.0817,industrial:ok; refinery:not_found; powerplant:not_found; mine:not_found; gas_facility:not_found; road:ok,synthetic,1,1.0,synthetic
SYN_WF_021,360.75,33.61,80.0,night,4.8585,,,,,0.5316,0.0,0.0,0.0,0.0,0.0,73.37,5.81,13.36,4.0,3.46,2,2,8,13.9026,23.6656,340.396,1,0.0333,19.7074,2.4175,20.354,1.0598,industrial:ok; refinery:not_found; powerplant:not_found; mine:not_found; gas_facility:not_found; road:ok,synthetic,1,1.0,synthetic
SYN_WF_022,345.53,9.5,50.0,day,4.8267,,,,,2.1816,0.0,0.0,0.0,0.0,0.0,76.05,4.03,10.55,7.96,1.42,1,1,6,7.4951,11.2971,330.6646,1,0.0333,2.0049,1.2675,14.8654,1.045,industrial:ok; refinery:not_found; powerplant:not_found; mine:not_found; gas_facility:not_found; road:ok,synthetic,1,1.0,synthetic
SYN_WF_023,337.92,8.47,50.0,day,3.843,,,,,2.2284,0.0,0.0,0.0,0.0,0.0,60.12,8.18,22.74,4.77,4.19,0,0,3,,,,0,0.0,0.0,1.0,0.0,1.0,industrial:ok; refinery:not_found; powerplant:not_found; mine:not_found; gas_facility:not_found; road:ok,synthetic,1,1.0,synthetic
SYN_WF_024,340.23,23.08,20.0,day,3.8512,,,,,0.7215,0.0,0.0,0.0,0.0,0.0,67.81,9.11,19.61,2.45,1.03,0,0,7,,,,1,0.0333,0.0,1.0,0.0,1.0,industrial:ok; refinery:not_found; powerplant:not_found; mine:not_found; gas_facility:not_found; road:ok,synthetic,1,1.0,synthetic
SYN_WF_025,338.4,42.53,50.0,day,3.7989,,,,,1.8279,0.0,0.0,0.0,0.0,0.0,65.3,5.82,24.81,2.38,1.68,0,4,8,10.0725,20.436,330.3253,2,0.0667,32.4575,4.2224,8.0747,1.0244,industrial:ok; refinery:not_found; powerplant:not_found; mine:not_found; gas_facility:not_found; road:ok,synthetic,1,1.0,synthetic
SYN_WF_026,364.4,24.29,20.0,day,3.5555,,,,,2.3038,0.0,0.0,0.0,0.0,0.0,75.25,7.05,11.43,3.94,2.32,0,1,4,14.0399,34.3804,342.0176,1,0.0333,10.2501,1.7301,22.3824,1.0654,industrial:ok; refinery:not_found; powerplant:not_found; mine:not_found; gas_facility:not_found; road:ok,synthetic,1,1.0,synthetic
SYN_WF_027,346.6,37.67,50.0,day,3.0387,,,,,2.6337,0.0,0.0,0.0,0.0,0.0,69.73,10.25,10.04,5.1,4.88,0,3,6,28.9433,40.5423,332.8859,0,0.0,8.7267,1.3015,13.7141,1.0412,industrial:ok; refinery:not_found; powerplant:not_found; mine:not_found; gas_facility:not_found; road:ok,synthetic,1,1.0,synthetic
SYN_WF_028,342.32,26.65,20.0,day,2.938,,,,,1.3161,0.0,0.0,0.0,0.0,0.0,85.37,4.15,7.89,1.95,0.65,1,3,8,4.2811,7.815,338.0724,2,0.0667,22.3689,6.225,4.2476,1.0126,industrial:ok; refinery:not_found; powerplant:not_found; mine:not_found; gas_facility:not_found; road:ok,synthetic,1,1.0,synthetic
SYN_WF_029,356.94,37.79,50.0,night,3.402,,,,,0.6996,0.0,0.0,0.0,0.0,0.0,77.41,3.34,13.44,4.35,1.46,0,0,2,,,,0,0.0,0.0,1.0,0.0,1.0,industrial:ok; refinery:not_found; powerplant:not_found; mine:not_found; gas_facility:not_found; road:ok,synthetic,1,1.0,synthetic
SYN_WF_030,347.04,17.82,50.0,day,4.825,,,,,1.793,0.0,0.0,0.0,0.0,0.0,64.89,10.34,19.05,2.65,3.07,0,0,8,,,,1,0.0333,0.0,1.0,0.0,1.0,industrial:ok; refinery:not_found; powerplant:not_found; mine:not_found; gas_facility:not_found; road:ok,synthetic,1,1.0,synthetic
SYN_WF_031,358.33,23.98,50.0,day,3.7358,,,,,1.485,0.0,0.0,0.0,0.0,0.0,72.92,10.21,15.41,0.55,0.92,0,0,7,,,,0,0.0,0.0,1.0,0.0,1.0,industrial:ok; refinery:not_found; powerplant:not_found; mine:not_found; gas_facility:not_found; road:ok,synthetic,1,1.0,synthetic
SYN_WF_032,364.83,40.04,20.0,day,3.1702,,,,,2.1614,0.0,0.0,0.0,0.0,0.0,82.11,6.15,9.75,1.36,0.63,0,4,5,30.5599,52.6774,357.3842,3,0.1,9.4801,1.3102,7.4458,1.0208,industrial:ok; refinery:not_found; powerplant:not_found; mine:not_found; gas_facility:not_found; road:ok,synthetic,1,1.0,synthetic
SYN_OTH_001,345.73,6.54,50.0,day,4.9695,,,,,0.5024,0.0,0.0,0.0,0.0,0.0,39.59,38.47,17.95,3.17,0.81,0,0,1,,,,0,0.0,0.0,1.0,0.0,1.0,industrial:ok; refinery:not_found; powerplant:not_found; mine:not_found; gas_facility:not_found; road:ok,synthetic,3,3.0,synthetic
SYN_OTH_002,333.25,10.19,50.0,day,3.403,,,,,0.4416,0.0,0.0,0.0,0.0,0.0,13.33,20.21,36.77,23.83,5.86,0,0,8,,,,0,0.0333,0.0,1.0,0.0,1.0,industrial:ok; refinery:not_found; powerplant:not_found; mine:not_found; gas_facility:not_found; road:ok,synthetic,3,3.0,synthetic
SYN_OTH_003,347.93,6.91,20.0,day,2.6499,,,,,2.1697,0.0,0.0,0.0,0.0,0.0,20.7,22.9,44.0,6.56,5.84,0,0,0,,,,0,0.0333,0.0,1.0,0.0,1.0,industrial:ok; refinery:not_found; powerplant:not_found; mine:not_found; gas_facility:not_found; road:ok,synthetic,3,3.0,synthetic
SYN_OTH_004,350.2,7.43,50.0,day,4.0478,,,,,1.6342,0.0,0.0,0.0,0.0,0.0,33.97,21.65,29.94,9.84,4.59,0,2,8,4.7583,6.5965,332.0117,0,0.0667,2.6717,1.5615,18.1883,1.0548,industrial:ok; refinery:not_found; powerplant:not_found; mine:not_found; gas_facility:not_found; road:ok,synthetic,3,3.0,synthetic
SYN_OTH_005,337.89,11.94,50.0,night,3.4754,,,,,0.9979,0.0,0.0,0.0,0.0,0.0,40.58,31.31,18.82,5.2,4.1,2,4,8,10.2115,11.7462,335.6158,3,0.0667,1.7285,1.1693,2.2742,1.0068,industrial:ok; refinery:not_found; powerplant:not_found; mine:not_found; gas_facility:not_found; road:ok,synthetic,3,3.0,synthetic
SYN_OTH_006,339.19,11.18,50.0,day,4.3077,,,,,0.2127,0.0,0.0,0.0,0.0,0.0,9.64,33.28,29.19,25.9,1.99,0,3,7,2.3311,3.4943,331.8807,2,0.0,8.8489,4.796,7.3093,1.022,industrial:ok; refinery:not_found; powerplant:not_found; mine:not_found; gas_facility:not_found; road:ok,synthetic,3,3.0,synthetic
SYN_OTH_007,347.0,3.26,50.0,night,4.5492,,,,,0.223,0.0,0.0,0.0,0.0,0.0,6.9,25.15,28.65,30.73,8.58,0,1,11,2.455,3.1309,335.2574,1,0.0333,0.805,1.3279,11.7426,1.035,industrial:ok; refinery:not_found; powerplant:not_found; mine:not_found; gas_facility:not_found; road:ok,synthetic,3,3.0,synthetic
SYN_OTH_008,345.81,21.88,20.0,day,3.3194,,,,,0.4873,0.0,0.0,0.0,0.0,0.0,40.99,33.27,14.3,6.88,4.57,1,1,3,23.738,41.1682,345.0188,1,0.0,-1.858,0.9217,0.7912,1.0023,industrial:ok; refinery:not_found; powerplant:not_found; mine:not_found; gas_facility:not_found; road:ok,synthetic,3,3.0,synthetic
SYN_OTH_009,337.38,7.81,50.0,day,2.5661,,,,,1.9231,0.0,0.0,0.0,0.0,0.0,31.63,28.76,27.1,9.58,2.93,1,3,10,3.5019,5.7135,335.7503,3,0.0333,4.3081,2.2302,1.6297,1.0049,industrial:ok; refinery:not_found; powerplant:not_found; mine:not_found; gas_facility:not_found; road:ok,synthetic,3,3.0,synthetic
SYN_OTH_010,332.42,7.75,20.0,day,3.8197,,,,,1.538,0.0,0.0,0.0,0.0,0.0,25.25,43.54,27.84,2.82,0.54,0,1,3,4.8896,5.6243,334.3509,0,0.0333,2.8604,1.585,-1.9309,0.9942,industrial:ok; refinery:not_found; powerplant:not_found; mine:not_found; gas_facility:not_found; road:ok,synthetic,3,3.0,synthetic
SYN_OTH_011,346.18,1.62,50.0,night,3.4822,,,,,0.545,0.0,0.0,0.0,0.0,0.0,23.85,28.13,24.19,20.99,2.85,0,0,6,,,,0,0.0333,0.0,1.0,0.0,1.0,industrial:ok; refinery:not_found; powerplant:not_found; mine:not_found; gas_facility:not_found; road:ok,synthetic,3,3.0,synthetic
SYN_OTH_012,339.11,5.28,50.0,night,4.4316,,,,,0.3794,0.0,0.0,0.0,0.0,0.0,1.29,22.46,51.84,24.14,0.28,0,3,9,3.8089,5.7986,332.9738,0,0.0667,1.4711,1.3862,6.1362,1.0184,industrial:ok; refinery:not_found; powerplant:not_found; mine:not_found; gas_facility:not_found; road:ok,synthetic,3,3.0,synthetic
SYN_OTH_013,333.94,8.02,50.0,night,4.8558,,,,,0.4826,0.0,0.0,0.0,0.0,0.0,39.05,38.22,9.13,8.08,5.52,0,0,11,,,,1,0.0333,0.0,1.0,0.0,1.0,industrial:ok; refinery:not_found; powerplant:not_found; mine:not_found; gas_facility:not_found; road:ok,synthetic,3,3.0,synthetic
SYN_OTH_014,343.97,11.69,50.0,day,2.4607,,,,,0.5104,0.0,0.0,0.0,0.0,0.0,18.85,20.72,15.47,36.16,8.8,0,0,7,,,,1,0.0333,0.0,1.0,0.0,1.0,industrial:ok; refinery:not_found; powerplant:not_found; mine:not_found; gas_facility:not_found; road:ok,synthetic,3,3.0,synthetic
SYN_OTH_015,333.5,13.95,50.0,day,3.3918,,,,,1.8862,0.0,0.0,0.0,0.0,0.0,39.29,24.16,25.2,4.91,6.45,1,2,7,11.7972,14.7544,335.5871,2,0.0,2.1528,1.1825,-2.0871,0.9938,industrial:ok; refinery:not_found; powerplant:not_found; mine:not_found; gas_facility:not_found; road:ok,synthetic,3,3.0,synthetic
SYN_OTH_016,341.32,19.33,50.0,day,3.0192,,,,,1.9759,0.0,0.0,0.0,0.0,0.0,32.42,39.55,21.05,3.13,3.85,0,4,4,16.5199,21.469,334.7979,2,0.0,2.8101,1.1701,6.5221,1.0195,industrial:ok; refinery:not_found; powerplant:not_found; mine:not_found; gas_facility:not_found; road:ok,synthetic,3,3.0,synthetic
SYN_OTH_017,345.38,6.96,50.0,day,4.0626,,,,,0.7138,0.0,0.0,0.0,0.0,0.0,7.93,28.47,31.09,31.41,1.1,1,2,3,3.621,4.3374,338.107,0,0.0667,3.339,1.9221,7.273,1.0215,industrial:ok; refinery:not_found; powerplant:not_found; mine:not_found; gas_facility:not_found; road:ok,synthetic,3,3.0,synthetic
SYN_OTH_018,342.12,13.39,50.0,day,3.1822,,,,,0.3065,0.0,0.0,0.0,0.0,0.0,38.94,33.43,18.62,4.74,4.27,2,3,10,8.752,13.2633,330.3301,0,0.0,4.638,1.5299,11.7899,1.0357,industrial:ok; refinery:not_found; powerplant:not_found; mine:not_found; gas_facility:not_found; road:ok,synthetic,3,3.0,synthetic
SYN_OTH_019,339.76,5.12,50.0,night,3.8971,,,,,0.501,0.0,0.0,0.0,0.0,0.0,2.05,28.24,45.87,23.6,0.25,2,2,4,5.563,6.2842,335.6774,2,0.0,-0.443,0.9204,4.0826,1.0122,industrial:ok; refinery:not_found; powerplant:not_found; mine:not_found; gas_facility:not_found; road:ok,synthetic,3,3.0,synthetic
SYN_OTH_020,345.03,6.64,20.0,day,2.3928,,,,,0.7154,0.0,0.0,0.0,0.0,0.0,35.67,48.52,6.08,4.84,4.89,0,0,2,,,,0,0.0,0.0,1.0,0.0,1.0,industrial:ok; refinery:not_found; powerplant:not_found; mine:not_found; gas_facility:not_found; road:ok,synthetic,3,3.0,synthetic
SYN_OTH_021,353.8,8.78,50.0,night,3.3448,,,,,1.9452,0.0,0.0,0.0,0.0,0.0,41.2,32.57,13.93,9.22,3.08,0,7,8,4.9858,7.3366,356.1709,3,0.0667,3.7942,1.761,-2.3709,0.9933,industrial:ok; refinery:not_found; powerplant:not_found; mine:not_found; gas_facility:not_found; road:ok,synthetic,3,3.0,synthetic
SYN_OTH_022,337.1,9.43,50.0,day,4.1503,,,,,1.3821,0.0,0.0,0.0,0.0,0.0,35.53,44.06,11.13,8.02,1.27,0,6,8,5.0252,8.5269,335.7767,3,0.0667,4.4048,1.8765,1.3233,1.0039,industrial:ok; refinery:not_found; powerplant:not_found; mine:not_found; gas_facility:not_found; road:ok,synthetic,3,3.0,synthetic
SYN_OTH_023,334.64,10.95,20.0,night,3.8196,,,,,0.6103,0.0,0.0,0.0,0.0,0.0,1.26,32.36,28.47,33.77,4.15,0,2,9,11.9728,16.0325,331.2442,1,0.0,-1.0228,0.9146,3.3958,1.0103,industrial:ok; refinery:not_found; powerplant:not_found; mine:not_found; gas_facility:not_found; road:ok,synthetic,3,3.0,synthetic
SYN_OTH_024,342.38,11.0,50.0,day,2.0984,,,,,0.291,0.0,0.0,0.0,0.0,0.0,24.04,39.7,16.22,17.55,2.49,0,2,5,3.9487,5.3901,335.9239,0,0.0667,7.0513,2.7857,6.4561,1.0192,industrial:ok; refinery:not_found; powerplant:not_found; mine:not_found; gas_facility:not_found; road:ok,synthetic,3,3.0,synthetic
SYN_OTH_025,340.46,9.9,50.0,day,4.3218,,,,,1.8642,0.0,0.0,0.0,0.0,0.0,37.24,35.7,11.27,8.84,6.95,0,0,0,,,,1,0.0333,0.0,1.0,0.0,1.0,industrial:ok; refinery:not_found; powerplant:not_found; mine:not_found; gas_facility:not_found; road:ok,synthetic,3,3.0,synthetic
SYN_OTH_026,345.35,10.9,20.0,day,3.9687,,,,,0.1208,0.0,0.0,0.0,0.0,0.0,15.27,28.05,23.51,23.31,9.86,0,5,5,9.9842,15.1928,345.7234,4,0.1667,0.9158,1.0917,-0.3734,0.9989,industrial:ok; refinery:not_found; powerplant:not_found; mine:not_found; gas_facility:not_found; road:ok,synthetic,3,3.0,synthetic
SYN_OTH_027,332.66,4.4,50.0,night,3.2779,,,,,0.3688,0.0,0.0,0.0,0.0,0.0,1.24,27.12,32.3,33.24,6.1,2,4,10,3.4271,4.772,331.4567,1,0.0,0.9729,1.2839,1.2033,1.0036,industrial:ok; refinery:not_found; powerplant:not_found; mine:not_found; gas_facility:not_found; road:ok,synthetic,3,3.0,synthetic
SYN_OTH_028,339.55,3.09,20.0,night,2.4263,,,,,0.7773,0.0,0.0,0.0,0.0,0.0,12.1,18.92,43.62,22.44,2.92,0,0,11,,,,1,0.0333,0.0,1.0,0.0,1.0,industrial:ok; refinery:not_found; powerplant:not_found; mine:not_found; gas_facility:not_found; road:ok,synthetic,3,3.0,synthetic
SYN_OTH_029,336.74,18.73,50.0,night,2.2026,,,,,1.47,0.0,0.0,0.0,0.0,0.0,39.7,33.51,21.53,2.06,3.21,1,2,7,14.3324,16.9563,339.1269,0,0.0,4.3976,1.3068,-2.3869,0.993,industrial:ok; refinery:not_found; powerplant:not_found; mine:not_found; gas_facility:not_found; road:ok,synthetic,3,3.0,synthetic
SYN_OTH_030,352.68,7.35,50.0,night,3.4471,,,,,0.2979,0.0,0.0,0.0,0.0,0.0,35.41,40.62,18.31,4.76,0.91,2,2,9,2.534,2.9896,353.873,2,0.0667,4.816,2.9006,-1.193,0.9966,industrial:ok; refinery:not_found; powerplant:not_found; mine:not_found; gas_facility:not_found; road:ok,synthetic,3,3.0,synthetic
SYN_OTH_031,350.95,7.72,50.0,day,3.9612,,,,,0.7826,0.0,0.0,0.0,0.0,0.0,29.15,30.08,28.8,4.36,7.61,0,1,4,2.6104,4.6071,347.9269,1,0.0333,5.1096,2.9574,3.0231,1.0087,industrial:ok; refinery:not_found; powerplant:not_found; mine:not_found; gas_facility:not_found; road:ok,synthetic,3,3.0,synthetic
SYN_OTH_032,352.28,6.46,50.0,day,2.7857,,,,,0.8009,0.0,0.0,0.0,0.0,0.0,38.96,40.01,16.71,3.94,0.38,0,5,7,3.9819,5.3428,343.4971,3,0.1,2.4781,1.6223,8.7829,1.0256,industrial:ok; refinery:not_found; powerplant:not_found; mine:not_found; gas_facility:not_found; road:ok,synthetic,3,3.0,synthetic
SYN_OTH_033,347.44,8.68,50.0,night,3.3751,,,,,0.3351,0.0,0.0,0.0,0.0,0.0,27.46,33.95,22.91,10.94,4.73,0,2,2,2.9553,4.8055,340.3769,1,0.0333,5.7247,2.9371,7.0631,1.0208,industrial:ok; refinery:not_found; powerplant:not_found; mine:not_found; gas_facility:not_found; road:ok,synthetic,3,3.0,synthetic
SYN_OTH_034,346.47,16.04,50.0,night,3.9452,,,,,0.2838,0.0,0.0,0.0,0.0,0.0,29.3,25.69,29.29,10.42,5.29,1,2,6,4.9427,6.61,343.7026,1,0.0,11.0973,3.2452,2.7674,1.0081,industrial:ok; refinery:not_found; powerplant:not_found; mine:not_found; gas_facility:not_found; road:ok,synthetic,3,3.0,synthetic
SYN_OTH_035,336.09,4.4,50.0,day,2.1186,,,,,1.8288,0.0,0.0,0.0,0.0,0.0,40.36,32.06,16.51,4.65,6.42,0,2,9,2.0138,3.2435,338.6253,1,0.0333,2.3862,2.1849,-2.5353,0.9925,industrial:ok; refinery:not_found; powerplant:not_found; mine:not_found; gas_facility:not_found; road:ok,synthetic,3,3.0,synthetic
SYN_OTH_036,347.13,10.07,20.0,day,3.1541,,,,,1.5758,0.0,0.0,0.0,0.0,0.0,33.7,28.66,24.85,9.24,3.55,0,0,10,,,,0,0.0333,0.0,1.0,0.0,1.0,industrial:ok; refinery:not_found; powerplant:not_found; mine:not_found; gas_facility:not_found; road:ok,synthetic,3,3.0,synthetic
SYN_OTH_037,336.99,4.52,50.0,day,4.9581,,,,,0.1002,0.0,0.0,0.0,0.0,0.0,16.03,20.89,46.15,16.57,0.36,0,1,4,2.5888,3.8872,334.975,0,0.0,1.9312,1.746,2.015,1.006,industrial:ok; refinery:not_found; powerplant:not_found; mine:not_found; gas_facility:not_found; road:ok,synthetic,3,3.0,synthetic
SYN_OTH_038,345.77,10.78,50.0,day,2.2074,,,,,0.8022,0.0,0.0,0.0,0.0,0.0,44.37,31.09,12.99,6.62,4.93,1,4,9,9.1347,10.4727,346.19,4,0.0667,1.6453,1.1801,-0.42,0.9988,industrial:ok; refinery:not_found; powerplant:not_found; mine:not_found; gas_facility:not_found; road:ok,synthetic,3,3.0,synthetic
SYN_OTH_039,351.38,5.6,50.0,day,4.9673,,,,,0.9099,0.0,0.0,0.0,0.0,0.0,34.08,34.83,23.88,3.54,3.68,2,2,6,5.4557,6.1989,341.6451,0,0.0,0.1443,1.0264,9.7349,1.0285,industrial:ok; refinery:not_found; powerplant:not_found; mine:not_found; gas_facility:not_found; road:ok,synthetic,3,3.0,synthetic
SYN_OTH_040,346.07,8.48,50.0,day,3.0951,,,,,0.3967,0.0,0.0,0.0,0.0,0.0,6.2,20.98,30.07,36.21,6.54,0,2,3,6.4123,7.654,343.2319,2,0.0,2.0677,1.3225,2.8381,1.0083,industrial:ok; refinery:not_found; powerplant:not_found; mine:not_found; gas_facility:not_found; road:ok,synthetic,3,3.0,synthetic
SYN_PTS_001,346.2362,11.295,50.0,day,3.6912,3.1305,2.96,,0.7067,1.0087,1.0,1.0,1.0,0.0,1.0,16.04,4.1155,22.454,25.3174,15.0,5,20,82,8.9057,11.2859,344.6295,26,0.8667,-1.2736,1.006,-0.3969,0.9953,industrial:ok; refinery:ok; powerplant:ok; mine:not_found; gas_facility:ok; road:ok,synthetic,2,2.0,synthetic
SYN_PTS_002,363.5214,21.3698,50.0,night,4.0636,,,,2.6254,0.9733,1.0,0.0,0.0,0.0,1.0,16.0027,13.6858,18.4024,51.3532,0.5559,7,24,76,19.287,27.2268,365.9188,24,0.8,1.6338,1.0672,0.2386,1.0236,industrial:ok; refinery:not_found; powerplant:not_found; mine:not_found; gas_facility:ok; road:ok,synthetic,2,2.0,synthetic
SYN_PTS_003,356.9598,8.9285,80.0,day,1.6356,0.8747,,,,0.3877,1.0,1.0,0.0,0.0,0.0,2.7329,15.4288,12.7382,48.3024,15.0,7,23,75,7.4042,11.3383,356.2631,29,0.9667,0.3336,0.9754,-1.379,1.019,industrial:ok; refinery:ok; powerplant:not_found; mine:not_found; gas_facility:not_found; road:ok,synthetic,2,2.0,synthetic
SYN_PTS_004,352.9598,32.5517,80.0,day,0.7622,1.9709,2.5733,,,0.896,1.0,1.0,1.0,0.0,0.0,10.394,12.5006,25.3449,59.4862,0.0,6,29,60,30.5158,37.375,353.2211,26,0.8667,-0.3966,0.9755,-1.2723,0.9905,industrial:ok; refinery:ok; powerplant:ok; mine:not_found; gas_facility:not_found; road:ok,synthetic,2,2.0,synthetic
SYN_PTS_005,339.6806,14.9871,80.0,night,1.2573,1.5608,,,3.4044,0.8271,1.0,1.0,0.0,0.0,1.0,2.0936,19.3191,22.1183,53.0782,3.3908,3,27,55,13.1065,16.6343,342.1194,28,0.9333,-0.152,1.038,1.4471,0.9856,industrial:ok; refinery:ok; powerplant:not_found; mine:not_found; gas_facility:ok; road:ok,synthetic,2,2.0,synthetic
SYN_PTS_006,339.6798,25.8881,50.0,day,2.0939,1.476,,,4.4034,1.2509,1.0,1.0,0.0,0.0,1.0,11.441,8.7477,9.0654,56.1566,14.5893,3,20,59,24.5987,30.6877,340.4252,20,0.6667,1.7891,0.9924,1.7845,0.9928,industrial:ok; refinery:ok; powerplant:not_found; mine:not_found; gas_facility:ok; road:ok,synthetic,2,2.0,synthetic
SYN_PTS_007,336.7425,16.4162,80.0,night,3.7357,,3.2881,,2.5652,1.2884,1.0,0.0,1.0,0.0,1.0,9.3891,7.1428,27.7732,32.6916,15.0,4,29,66,14.4564,21.0178,334.4439,26,0.8667,-1.3866,0.9559,-0.5068,1.0054,industrial:ok; refinery:not_found; powerplant:ok; mine:not_found; gas_facility:ok; road:ok,synthetic,2,2.0,synthetic
SYN_PTS_008,360.9853,22.0418,50.0,night,3.9151,,3.3099,,1.7918,0.1383,1.0,0.0,1.0,0.0,1.0,17.8664,17.6348,25.5634,27.9848,10.9506,6,20,80,24.4224,29.9962,363.6243,25,0.8333,0.3449,0.9924,-0.917,0.9861,industrial:ok; refinery:not_found; powerplant:ok; mine:not_found; gas_facility:ok; road:ok,synthetic,2,2.0,synthetic
SYN_PTS_009,353.0335,22.7612,50.0,night,0.3292,4.0682,,,3.6807,0.7805,1.0,1.0,0.0,0.0,1.0,7.6674,6.0247,28.745,53.7777,3.7852,4,23,88,20.2426,25.0721,353.7997,29,0.9667,0.0236,0.9425,0.576,1.0074,industrial:ok; refinery:ok; powerplant:not_found; mine:not_found; gas_facility:ok; road:ok,synthetic,2,2.0,synthetic
SYN_PTS_010,356.2422,12.9911,80.0,day,2.4451,3.0246,,,1.5833,1.2704,1.0,1.0,0.0,0.0,1.0,3.2243,19.338,23.143,56.3076,0.0,4,27,68,13.1382,17.6092,355.2516,28,0.9333,0.4458,0.9482,-0.3651,0.9946,industrial:ok; refinery:ok; powerplant:not_found; mine:not_found; gas_facility:ok; road:ok,synthetic,2,2.0,synthetic
SYN_PTS_011,335.6175,34.1788,80.0,day,2.0531,,3.7374,,,1.0311,1.0,0.0,1.0,0.0,0.0,3.7168,2.2188,20.3354,64.5727,9.1563,4,24,80,33.6412,37.7344,333.4531,20,0.6667,-1.9276,0.9997,-1.8985,1.0031,industrial:ok; refinery:not_found; powerplant:ok; mine:not_found; gas_facility:not_found; road:ok,synthetic,2,2.0,synthetic
SYN_PTS_012,364.0973,28.9286,50.0,day,1.2329,,3.7405,,0.8138,1.7202,1.0,0.0,1.0,0.0,1.0,15.4687,19.4578,15.4561,38.5678,11.0496,5,21,81,31.8229,39.4001,365.8615,23,0.7667,1.4885,0.987,-1.3754,0.9962,industrial:ok; refinery:not_found; powerplant:ok; mine:not_found; gas_facility:ok; road:ok,synthetic,2,2.0,synthetic
SYN_PTS_013,359.9733,33.3665,50.0,day,0.8034,2.8076,3.9683,,0.6014,1.3345,1.0,1.0,1.0,0.0,1.0,12.7461,2.7769,28.3182,36.7408,15.0,5,25,63,31.0387,38.0224,360.6937,28,0.9333,1.7285,1.0664,0.8639,0.9877,industrial:ok; refinery:ok; powerplant:ok; mine:not_found; gas_facility:ok; road:ok,synthetic,2,2.0,synthetic
SYN_PTS_014,341.3702,32.1603,80.0,day,1.718,,4.153,,,0.3677,1.0,0.0,1.0,0.0,0.0,2.9213,18.0406,26.6516,54.9386,0.0,4,24,80,31.5474,39.3376,341.571,23,0.7667,0.2605,0.978,0.6357,1.0269,industrial:ok; refinery:not_found; powerplant:ok; mine:not_found; gas_facility:not_found; road:ok,synthetic,2,2.0,synthetic
SYN_PTS_015,340.4547,24.1433,80.0,day,4.2602,1.281,,,,0.1876,1.0,1.0,0.0,0.0,0.0,2.598,11.4986,6.1305,35.3362,15.0,6,21,76,26.9601,29.7059,342.8181,29,0.9667,0.7866,1.0129,-1.8916,1.0158,industrial:ok; refinery:ok; powerplant:not_found; mine:not_found; gas_facility:not_found; road:ok,synthetic,2,2.0,synthetic
SYN_PTS_016,340.5021,32.8906,80.0,day,1.6575,3.3898,2.5061,,,1.3027,1.0,1.0,1.0,0.0,0.0,14.3184,19.8734,5.6592,61.8841,0.0,3,30,84,35.0836,41.4688,342.2337,22,0.7333,1.69,1.0212,-1.1121,0.9784,industrial:ok; refinery:ok; powerplant:ok; mine:not_found; gas_facility:not_found; road:ok,synthetic,2,2.0,synthetic
SYN_PTS_017,344.1273,10.3893,50.0,night,2.4789,,3.6932,,,0.1017,1.0,0.0,1.0,0.0,0.0,2.3825,3.3283,14.4116,58.6286,15.0,6,30,71,12.2917,19.9217,342.0373,28,0.9333,0.829,0.9221,-1.0757,1.0221,industrial:ok; refinery:not_found; powerplant:ok; mine:not_found; gas_facility:not_found; road:ok,synthetic,2,2.0,synthetic
SYN_PTS_018,350.7427,13.2915,50.0,day,3.2527,,,,1.1932,1.1923,1.0,0.0,0.0,0.0,1.0,16.6153,11.9694,25.2638,39.3047,6.8468,7,30,80,11.8389,14.9263,349.613,21,0.7,-1.3898,1.0262,0.6876,0.9992,industrial:ok; refinery:not_found; powerplant:not_found; mine:not_found; gas_facility:ok; road:ok,synthetic,2,2.0,synthetic
SYN_PTS_019,347.9584,9.2211,50.0,night,1.8272,3.0819,3.3079,,1.1257,1.8834,1.0,1.0,1.0,0.0,1.0,14.4186,19.4474,29.6819,53.7892,0.0,5,22,90,7.2464,9.6454,346.4493,23,0.7667,0.3052,0.9485,-1.9212,1.0237,industrial:ok; refinery:ok; powerplant:ok; mine:not_found; gas_facility:ok; road:ok,synthetic,2,2.0,synthetic
SYN_PTS_020,343.7369,16.7839,50.0,day,4.3815,1.2084,,,1.501,1.1722,1.0,1.0,0.0,0.0,1.0,2.5456,11.4158,8.7604,53.9544,15.0,3,28,55,17.7958,24.2425,345.2006,25,0.8333,0.4269,1.0738,-1.5836,1.018,industrial:ok; refinery:ok; powerplant:not_found; mine:not_found; gas_facility:ok; road:ok,synthetic,2,2.0,synthetic
SYN_PTS_021,353.3556,18.4943,50.0,day,4.3423,,4.06,,2.6969,0.8069,1.0,0.0,1.0,0.0,1.0,2.6119,13.3292,19.8533,24.6406,15.0,3,26,62,21.0706,26.5174,350.5568,21,0.7,-0.3035,0.9438,1.1997,0.9955,industrial:ok; refinery:not_found; powerplant:ok; mine:not_found; gas_facility:ok; road:ok,synthetic,2,2.0,synthetic
SYN_PTS_022,339.1848,15.3264,50.0,day,1.3575,4.3157,1.852,,3.3584,1.3044,1.0,1.0,1.0,0.0,1.0,19.7462,14.5235,14.5223,60.6149,0.0,7,26,89,15.667,22.718,339.6041,27,0.9,0.9458,0.9863,-1.2858,0.9713,industrial:ok; refinery:ok; powerplant:ok; mine:not_found; gas_facility:ok; road:ok,synthetic,2,2.0,synthetic
SYN_PTS_023,343.7643,30.3759,80.0,night,2.3884,,2.0023,,3.1408,0.9436,1.0,0.0,1.0,0.0,1.0,8.1111,10.1817,29.2479,42.7364,9.7229,7,30,69,30.8056,33.6442,345.3391,27,0.9,1.7375,0.9337,0.611,0.9861,industrial:ok; refinery:not_found; powerplant:ok; mine:not_found; gas_facility:ok; road:ok,synthetic,2,2.0,synthetic
SYN_PTS_024,345.9909,17.6323,50.0,night,1.5637,1.9806,,,,1.114,1.0,1.0,0.0,0.0,0.0,8.0422,13.296,26.053,57.1906,0.0,4,25,76,16.3122,23.0838,348.2515,20,0.6667,1.7023,1.0795,-1.0473,1.0025,industrial:ok; refinery:ok; powerplant:not_found; mine:not_found; gas_facility:not_found; road:ok,synthetic,2,2.0,synthetic
SYN_PTS_025,348.6821,15.5852,50.0,night,1.4963,,,,4.3195,1.8859,1.0,0.0,0.0,0.0,1.0,16.4432,12.5177,25.9582,34.4022,10.6787,5,27,68,17.2022,20.412,347.7346,22,0.7333,-0.1966,1.0004,-1.6022,1.008,industrial:ok; refinery:not_found; powerplant:not_found; mine:not_found; gas_facility:ok; road:ok,synthetic,2,2.0,synthetic
SYN_PTS_026,358.5553,22.6528,50.0,night,0.4549,,0.6438,,,0.8029,1.0,0.0,1.0,0.0,0.0,18.9977,18.2208,16.7173,60.2985,0.0,5,23,80,20.7751,23.757,360.4828,29,0.9667,-1.547,1.0153,-1.0273,0.9855,industrial:ok; refinery:not_found; powerplant:ok; mine:not_found; gas_facility:not_found; road:ok,synthetic,2,2.0,synthetic
SYN_PTS_027,340.9902,11.805,80.0,day,2.8602,,,,,1.9243,1.0,0.0,0.0,0.0,0.0,19.734,2.818,15.3705,37.5141,15.0,6,27,82,10.7471,13.7327,338.654,28,0.9333,1.9394,0.9307,0.8891,0.9784,industrial:ok; refinery:not_found; powerplant:not_found; mine:not_found; gas_facility:not_found; road:ok,synthetic,2,2.0,synthetic
SYN_PTS_028,350.427,29.6593,50.0,night,2.4113,4.3666,,,2.9469,1.8154,1.0,1.0,0.0,0.0,1.0,15.3142,7.0573,11.8352,20.4877,15.0,4,23,77,29.2119,36.0993,352.5057,24,0.8,1.3556,1.04,1.4228,1.0201,industrial:ok; refinery:ok; powerplant:not_found; mine:not_found; gas_facility:ok; road:ok,synthetic,2,2.0,synthetic
SYN_PTS_029,352.7724,10.0129,50.0,day,0.5162,4.3545,,,,0.4318,1.0,1.0,0.0,0.0,0.0,8.1489,19.1074,6.4094,60.7422,5.5921,4,27,68,10.0586,16.0498,350.5373,25,0.8333,-1.5013,0.9536,1.3209,1.0291,industrial:ok; refinery:ok; powerplant:not_found; mine:not_found; gas_facility:not_found; road:ok,synthetic,2,2.0,synthetic
SYN_PTS_030,336.3935,34.6459,80.0,day,1.4703,,,,1.4909,0.1853,1.0,0.0,0.0,0.0,1.0,2.5865,18.0247,26.6181,24.1079,15.0,4,28,78,33.1004,38.2388,335.7772,23,0.7667,1.6834,1.0637,-0.4113,1.0015,industrial:ok; refinery:not_found; powerplant:not_found; mine:not_found; gas_facility:ok; road:ok,synthetic,2,2.0,synthetic
SYN_PTS_031,353.2263,28.8506,50.0,night,4.1147,1.6778,,,,0.2465,1.0,1.0,0.0,0.0,0.0,15.7658,10.2018,25.3225,34.3691,14.3408,4,22,56,26.5396,30.6926,355.0101,29,0.9667,1.4796,0.9528,0.6723,0.9803,industrial:ok; refinery:ok; powerplant:not_found; mine:not_found; gas_facility:not_found; road:ok,synthetic,2,2.0,synthetic
SYN_PTS_032,340.1157,13.3653,50.0,night,1.3062,,,,3.5314,0.0855,1.0,0.0,0.0,0.0,1.0,11.6097,13.1624,29.9929,62.7528,0.0,5,22,80,14.029,21.2922,338.0152,21,0.7,0.0754,0.9505,-1.1801,0.9863,industrial:ok; refinery:not_found; powerplant:not_found; mine:not_found; gas_facility:ok; road:ok,synthetic,2,2.0,synthetic
SYN_PTS_033,336.9515,8.1491,50.0,night,0.9086,,3.7904,,,0.2342,1.0,0.0,1.0,0.0,0.0,9.0602,6.9929,29.9159,62.7773,0.0,5,30,68,6.8809,11.2356,335.327,30,1.0,0.3651,0.9258,-0.8274,0.9711,industrial:ok; refinery:not_found; powerplant:ok; mine:not_found; gas_facility:not_found; road:ok,synthetic,2,2.0,synthetic
SYN_PTS_034,363.4666,30.0175,50.0,night,2.3557,1.7677,1.9408,,0.9643,1.3819,1.0,1.0,1.0,0.0,1.0,18.2207,5.3862,18.8858,45.8047,11.7026,4,21,61,30.5049,37.4045,364.8001,27,0.9,-0.404,0.9955,1.5853,1.0249,industrial:ok; refinery:ok; powerplant:ok; mine:not_found; gas_facility:ok; road:ok,synthetic,2,2.0,synthetic
SYN_PTS_035,363.969,27.0851,50.0,night,4.4397,1.178,,,0.684,0.1888,1.0,1.0,0.0,0.0,1.0,3.1128,10.3466,24.2247,48.4327,13.8832,6,29,57,25.0113,29.6461,365.2892,30,1.0,-1.781,1.0104,-1.948,0.9771,industrial:ok; refinery:ok; powerplant:not_found; mine:not_found; gas_facility:ok; road:ok,synthetic,2,2.0,synthetic
SYN_PTS_036,359.2519,27.6832,80.0,night,1.3166,,2.589,,0.6629,0.672,1.0,0.0,1.0,0.0,1.0,10.3599,8.3603,28.6191,40.18,12.4807,3,22,77,27.57,31.8317,360.0988,25,0.8333,-0.6592,0.9305,-1.658,1.0046,industrial:ok; refinery:not_found; powerplant:ok; mine:not_found; gas_facility:ok; road:ok,synthetic,2,2.0,synthetic
SYN_PTS_037,344.1384,28.8243,80.0,night,3.123,4.2446,3.58,,3.9218,1.6975,1.0,1.0,1.0,0.0,1.0,1.2157,12.5058,26.2412,33.1945,15.0,3,22,72,29.0198,33.7959,345.3021,24,0.8,1.2114,1.0441,-1.1685,0.9864,industrial:ok; refinery:ok; powerplant:ok; mine:not_found; gas_facility:ok; road:ok,synthetic,2,2.0,synthetic
SYN_PTS_038,337.9302,9.9992,80.0,night,3.4988,3.2841,1.3633,,3.3146,0.0954,1.0,1.0,1.0,0.0,1.0,9.9046,3.3992,11.1837,34.7899,15.0,6,24,89,7.3101,11.1184,338.1865,28,0.9333,-1.9815,0.9925,-1.8939,1.0033,industrial:ok; refinery:ok; powerplant:ok; mine:not_found; gas_facility:ok; road:ok,synthetic,2,2.0,synthetic
SYN_PTS_039,355.527,17.6786,50.0,day,1.2981,,2.9916,,,1.6382,1.0,0.0,1.0,0.0,0.0,2.0698,19.5391,16.2636,50.2633,11.8642,4,24,69,16.6982,23.1839,354.0378,20,0.6667,-0.666,1.0039,-1.2743,1.0091,industrial:ok; refinery:not_found; powerplant:ok; mine:not_found; gas_facility:not_found; road:ok,synthetic,2,2.0,synthetic
SYN_PTS_040,348.2046,11.1285,50.0,night,3.3585,,,,,0.5996,1.0,0.0,0.0,0.0,0.0,3.2575,19.7518,8.229,53.8569,14.9048,5,21,79,8.935,13.9513,347.2788,24,0.8,-0.4073,0.9905,0.3322,1.0198,industrial:ok; refinery:not_found; powerplant:not_found; mine:not_found; gas_facility:not_found; road:ok,synthetic,2,2.0,synthetic
SYN_PTS_001,346.2362,11.295,50.0,day,3.6912,3.1305,2.96,,0.7067,1.0087,1.0,1.0,1.0,0.0,1.0,16.04,4.1155,22.454,25.3174,15.0,5,20,82,8.9057,11.2859,344.6295,26,0.8667,-1.2736,1.006,-0.3969,0.9953,industrial:ok; refinery:ok; powerplant:ok; mine:not_found; gas_facility:ok; road:ok,synthetic,2,2.0,synthetic
SYN_PTS_002,363.5214,21.3698,50.0,night,4.0636,,,,2.6254,0.9733,1.0,0.0,0.0,0.0,1.0,16.0027,13.6858,18.4024,51.3532,0.5559,7,24,76,19.287,27.2268,365.9188,24,0.8,1.6338,1.0672,0.2386,1.0236,industrial:ok; refinery:not_found; powerplant:not_found; mine:not_found; gas_facility:ok; road:ok,synthetic,2,2.0,synthetic
SYN_PTS_003,356.9598,8.9285,80.0,day,1.6356,0.8747,,,,0.3877,1.0,1.0,0.0,0.0,0.0,2.7329,15.4288,12.7382,48.3024,15.0,7,23,75,7.4042,11.3383,356.2631,29,0.9667,0.3336,0.9754,-1.379,1.019,industrial:ok; refinery:ok; powerplant:not_found; mine:not_found; gas_facility:not_found; road:ok,synthetic,2,2.0,synthetic
SYN_PTS_004,352.9598,32.5517,80.0,day,0.7622,1.9709,2.5733,,,0.896,1.0,1.0,1.0,0.0,0.0,10.394,12.5006,25.3449,59.4862,0.0,6,29,60,30.5158,37.375,353.2211,26,0.8667,-0.3966,0.9755,-1.2723,0.9905,industrial:ok; refinery:ok; powerplant:ok; mine:not_found; gas_facility:not_found; road:ok,synthetic,2,2.0,synthetic
SYN_PTS_005,339.6806,14.9871,80.0,night,1.2573,1.5608,,,3.4044,0.8271,1.0,1.0,0.0,0.0,1.0,2.0936,19.3191,22.1183,53.0782,3.3908,3,27,55,13.1065,16.6343,342.1194,28,0.9333,-0.152,1.038,1.4471,0.9856,industrial:ok; refinery:ok; powerplant:not_found; mine:not_found; gas_facility:ok; road:ok,synthetic,2,2.0,synthetic
SYN_PTS_006,339.6798,25.8881,50.0,day,2.0939,1.476,,,4.4034,1.2509,1.0,1.0,0.0,0.0,1.0,11.441,8.7477,9.0654,56.1566,14.5893,3,20,59,24.5987,30.6877,340.4252,20,0.6667,1.7891,0.9924,1.7845,0.9928,industrial:ok; refinery:ok; powerplant:not_found; mine:not_found; gas_facility:ok; road:ok,synthetic,2,2.0,synthetic
SYN_PTS_007,336.7425,16.4162,80.0,night,3.7357,,3.2881,,2.5652,1.2884,1.0,0.0,1.0,0.0,1.0,9.3891,7.1428,27.7732,32.6916,15.0,4,29,66,14.4564,21.0178,334.4439,26,0.8667,-1.3866,0.9559,-0.5068,1.0054,industrial:ok; refinery:not_found; powerplant:ok; mine:not_found; gas_facility:ok; road:ok,synthetic,2,2.0,synthetic
SYN_PTS_008,360.9853,22.0418,50.0,night,3.9151,,3.3099,,1.7918,0.1383,1.0,0.0,1.0,0.0,1.0,17.8664,17.6348,25.5634,27.9848,10.9506,6,20,80,24.4224,29.9962,363.6243,25,0.8333,0.3449,0.9924,-0.917,0.9861,industrial:ok; refinery:not_found; powerplant:ok; mine:not_found; gas_facility:ok; road:ok,synthetic,2,2.0,synthetic
SYN_PTS_009,353.0335,22.7612,50.0,night,0.3292,4.0682,,,3.6807,0.7805,1.0,1.0,0.0,0.0,1.0,7.6674,6.0247,28.745,53.7777,3.7852,4,23,88,20.2426,25.0721,353.7997,29,0.9667,0.0236,0.9425,0.576,1.0074,industrial:ok; refinery:ok; powerplant:not_found; mine:not_found; gas_facility:ok; road:ok,synthetic,2,2.0,synthetic
SYN_PTS_010,356.2422,12.9911,80.0,day,2.4451,3.0246,,,1.5833,1.2704,1.0,1.0,0.0,0.0,1.0,3.2243,19.338,23.143,56.3076,0.0,4,27,68,13.1382,17.6092,355.2516,28,0.9333,0.4458,0.9482,-0.3651,0.9946,industrial:ok; refinery:ok; powerplant:not_found; mine:not_found; gas_facility:ok; road:ok,synthetic,2,2.0,synthetic
SYN_PTS_011,335.6175,34.1788,80.0,day,2.0531,,3.7374,,,1.0311,1.0,0.0,1.0,0.0,0.0,3.7168,2.2188,20.3354,64.5727,9.1563,4,24,80,33.6412,37.7344,333.4531,20,0.6667,-1.9276,0.9997,-1.8985,1.0031,industrial:ok; refinery:not_found; powerplant:ok; mine:not_found; gas_facility:not_found; road:ok,synthetic,2,2.0,synthetic
SYN_PTS_012,364.0973,28.9286,50.0,day,1.2329,,3.7405,,0.8138,1.7202,1.0,0.0,1.0,0.0,1.0,15.4687,19.4578,15.4561,38.5678,11.0496,5,21,81,31.8229,39.4001,365.8615,23,0.7667,1.4885,0.987,-1.3754,0.9962,industrial:ok; refinery:not_found; powerplant:ok; mine:not_found; gas_facility:ok; road:ok,synthetic,2,2.0,synthetic
SYN_PTS_013,359.9733,33.3665,50.0,day,0.8034,2.8076,3.9683,,0.6014,1.3345,1.0,1.0,1.0,0.0,1.0,12.7461,2.7769,28.3182,36.7408,15.0,5,25,63,31.0387,38.0224,360.6937,28,0.9333,1.7285,1.0664,0.8639,0.9877,industrial:ok; refinery:ok; powerplant:ok; mine:not_found; gas_facility:ok; road:ok,synthetic,2,2.0,synthetic
SYN_PTS_014,341.3702,32.1603,80.0,day,1.718,,4.153,,,0.3677,1.0,0.0,1.0,0.0,0.0,2.9213,18.0406,26.6516,54.9386,0.0,4,24,80,31.5474,39.3376,341.571,23,0.7667,0.2605,0.978,0.6357,1.0269,industrial:ok; refinery:not_found; powerplant:ok; mine:not_found; gas_facility:not_found; road:ok,synthetic,2,2.0,synthetic
SYN_PTS_015,340.4547,24.1433,80.0,day,4.2602,1.281,,,,0.1876,1.0,1.0,0.0,0.0,0.0,2.598,11.4986,6.1305,35.3362,15.0,6,21,76,26.9601,29.7059,342.8181,29,0.9667,0.7866,1.0129,-1.8916,1.0158,industrial:ok; refinery:ok; powerplant:not_found; mine:not_found; gas_facility:not_found; road:ok,synthetic,2,2.0,synthetic
SYN_PTS_016,340.5021,32.8906,80.0,day,1.6575,3.3898,2.5061,,,1.3027,1.0,1.0,1.0,0.0,0.0,14.3184,19.8734,5.6592,61.8841,0.0,3,30,84,35.0836,41.4688,342.2337,22,0.7333,1.69,1.0212,-1.1121,0.9784,industrial:ok; refinery:ok; powerplant:ok; mine:not_found; gas_facility:not_found; road:ok,synthetic,2,2.0,synthetic
SYN_PTS_017,344.1273,10.3893,50.0,night,2.4789,,3.6932,,,0.1017,1.0,0.0,1.0,0.0,0.0,2.3825,3.3283,14.4116,58.6286,15.0,6,30,71,12.2917,19.9217,342.0373,28,0.9333,0.829,0.9221,-1.0757,1.0221,industrial:ok; refinery:not_found; powerplant:ok; mine:not_found; gas_facility:not_found; road:ok,synthetic,2,2.0,synthetic
SYN_PTS_018,350.7427,13.2915,50.0,day,3.2527,,,,1.1932,1.1923,1.0,0.0,0.0,0.0,1.0,16.6153,11.9694,25.2638,39.3047,6.8468,7,30,80,11.8389,14.9263,349.613,21,0.7,-1.3898,1.0262,0.6876,0.9992,industrial:ok; refinery:not_found; powerplant:not_found; mine:not_found; gas_facility:ok; road:ok,synthetic,2,2.0,synthetic
SYN_PTS_019,347.9584,9.2211,50.0,night,1.8272,3.0819,3.3079,,1.1257,1.8834,1.0,1.0,1.0,0.0,1.0,14.4186,19.4474,29.6819,53.7892,0.0,5,22,90,7.2464,9.6454,346.4493,23,0.7667,0.3052,0.9485,-1.9212,1.0237,industrial:ok; refinery:ok; powerplant:ok; mine:not_found; gas_facility:ok; road:ok,synthetic,2,2.0,synthetic
SYN_PTS_020,343.7369,16.7839,50.0,day,4.3815,1.2084,,,1.501,1.1722,1.0,1.0,0.0,0.0,1.0,2.5456,11.4158,8.7604,53.9544,15.0,3,28,55,17.7958,24.2425,345.2006,25,0.8333,0.4269,1.0738,-1.5836,1.018,industrial:ok; refinery:ok; powerplant:not_found; mine:not_found; gas_facility:ok; road:ok,synthetic,2,2.0,synthetic
SYN_PTS_021,353.3556,18.4943,50.0,day,4.3423,,4.06,,2.6969,0.8069,1.0,0.0,1.0,0.0,1.0,2.6119,13.3292,19.8533,24.6406,15.0,3,26,62,21.0706,26.5174,350.5568,21,0.7,-0.3035,0.9438,1.1997,0.9955,industrial:ok; refinery:not_found; powerplant:ok; mine:not_found; gas_facility:ok; road:ok,synthetic,2,2.0,synthetic
SYN_PTS_022,339.1848,15.3264,50.0,day,1.3575,4.3157,1.852,,3.3584,1.3044,1.0,1.0,1.0,0.0,1.0,19.7462,14.5235,14.5223,60.6149,0.0,7,26,89,15.667,22.718,339.6041,27,0.9,0.9458,0.9863,-1.2858,0.9713,industrial:ok; refinery:ok; powerplant:ok; mine:not_found; gas_facility:ok; road:ok,synthetic,2,2.0,synthetic
SYN_PTS_023,343.7643,30.3759,80.0,night,2.3884,,2.0023,,3.1408,0.9436,1.0,0.0,1.0,0.0,1.0,8.1111,10.1817,29.2479,42.7364,9.7229,7,30,69,30.8056,33.6442,345.3391,27,0.9,1.7375,0.9337,0.611,0.9861,industrial:ok; refinery:not_found; powerplant:ok; mine:not_found; gas_facility:ok; road:ok,synthetic,2,2.0,synthetic
SYN_PTS_024,345.9909,17.6323,50.0,night,1.5637,1.9806,,,,1.114,1.0,1.0,0.0,0.0,0.0,8.0422,13.296,26.053,57.1906,0.0,4,25,76,16.3122,23.0838,348.2515,20,0.6667,1.7023,1.0795,-1.0473,1.0025,industrial:ok; refinery:ok; powerplant:not_found; mine:not_found; gas_facility:not_found; road:ok,synthetic,2,2.0,synthetic
SYN_PTS_025,348.6821,15.5852,50.0,night,1.4963,,,,4.3195,1.8859,1.0,0.0,0.0,0.0,1.0,16.4432,12.5177,25.9582,34.4022,10.6787,5,27,68,17.2022,20.412,347.7346,22,0.7333,-0.1966,1.0004,-1.6022,1.008,industrial:ok; refinery:not_found; powerplant:not_found; mine:not_found; gas_facility:ok; road:ok,synthetic,2,2.0,synthetic
SYN_PTS_026,358.5553,22.6528,50.0,night,0.4549,,0.6438,,,0.8029,1.0,0.0,1.0,0.0,0.0,18.9977,18.2208,16.7173,60.2985,0.0,5,23,80,20.7751,23.757,360.4828,29,0.9667,-1.547,1.0153,-1.0273,0.9855,industrial:ok; refinery:not_found; powerplant:ok; mine:not_found; gas_facility:not_found; road:ok,synthetic,2,2.0,synthetic
SYN_PTS_027,340.9902,11.805,80.0,day,2.8602,,,,,1.9243,1.0,0.0,0.0,0.0,0.0,19.734,2.818,15.3705,37.5141,15.0,6,27,82,10.7471,13.7327,338.654,28,0.9333,1.9394,0.9307,0.8891,0.9784,industrial:ok; refinery:not_found; powerplant:not_found; mine:not_found; gas_facility:not_found; road:ok,synthetic,2,2.0,synthetic
SYN_PTS_028,350.427,29.6593,50.0,night,2.4113,4.3666,,,2.9469,1.8154,1.0,1.0,0.0,0.0,1.0,15.3142,7.0573,11.8352,20.4877,15.0,4,23,77,29.2119,36.0993,352.5057,24,0.8,1.3556,1.04,1.4228,1.0201,industrial:ok; refinery:ok; powerplant:not_found; mine:not_found; gas_facility:ok; road:ok,synthetic,2,2.0,synthetic
SYN_PTS_029,352.7724,10.0129,50.0,day,0.5162,4.3545,,,,0.4318,1.0,1.0,0.0,0.0,0.0,8.1489,19.1074,6.4094,60.7422,5.5921,4,27,68,10.0586,16.0498,350.5373,25,0.8333,-1.5013,0.9536,1.3209,1.0291,industrial:ok; refinery:ok; powerplant:not_found; mine:not_found; gas_facility:not_found; road:ok,synthetic,2,2.0,synthetic
SYN_PTS_030,336.3935,34.6459,80.0,day,1.4703,,,,1.4909,0.1853,1.0,0.0,0.0,0.0,1.0,2.5865,18.0247,26.6181,24.1079,15.0,4,28,78,33.1004,38.2388,335.7772,23,0.7667,1.6834,1.0637,-0.4113,1.0015,industrial:ok; refinery:not_found; powerplant:not_found; mine:not_found; gas_facility:ok; road:ok,synthetic,2,2.0,synthetic
SYN_PTS_031,353.2263,28.8506,50.0,night,4.1147,1.6778,,,,0.2465,1.0,1.0,0.0,0.0,0.0,15.7658,10.2018,25.3225,34.3691,14.3408,4,22,56,26.5396,30.6926,355.0101,29,0.9667,1.4796,0.9528,0.6723,0.9803,industrial:ok; refinery:ok; powerplant:not_found; mine:not_found; gas_facility:not_found; road:ok,synthetic,2,2.0,synthetic
SYN_PTS_032,340.1157,13.3653,50.0,night,1.3062,,,,3.5314,0.0855,1.0,0.0,0.0,0.0,1.0,11.6097,13.1624,29.9929,62.7528,0.0,5,22,80,14.029,21.2922,338.0152,21,0.7,0.0754,0.9505,-1.1801,0.9863,industrial:ok; refinery:not_found; powerplant:not_found; mine:not_found; gas_facility:ok; road:ok,synthetic,2,2.0,synthetic
SYN_PTS_033,336.9515,8.1491,50.0,night,0.9086,,3.7904,,,0.2342,1.0,0.0,1.0,0.0,0.0,9.0602,6.9929,29.9159,62.7773,0.0,5,30,68,6.8809,11.2356,335.327,30,1.0,0.3651,0.9258,-0.8274,0.9711,industrial:ok; refinery:not_found; powerplant:ok; mine:not_found; gas_facility:not_found; road:ok,synthetic,2,2.0,synthetic
SYN_PTS_034,363.4666,30.0175,50.0,night,2.3557,1.7677,1.9408,,0.9643,1.3819,1.0,1.0,1.0,0.0,1.0,18.2207,5.3862,18.8858,45.8047,11.7026,4,21,61,30.5049,37.4045,364.8001,27,0.9,-0.404,0.9955,1.5853,1.0249,industrial:ok; refinery:ok; powerplant:ok; mine:not_found; gas_facility:ok; road:ok,synthetic,2,2.0,synthetic
SYN_PTS_035,363.969,27.0851,50.0,night,4.4397,1.178,,,0.684,0.1888,1.0,1.0,0.0,0.0,1.0,3.1128,10.3466,24.2247,48.4327,13.8832,6,29,57,25.0113,29.6461,365.2892,30,1.0,-1.781,1.0104,-1.948,0.9771,industrial:ok; refinery:ok; powerplant:not_found; mine:not_found; gas_facility:ok; road:ok,synthetic,2,2.0,synthetic
SYN_PTS_036,359.2519,27.6832,80.0,night,1.3166,,2.589,,0.6629,0.672,1.0,0.0,1.0,0.0,1.0,10.3599,8.3603,28.6191,40.18,12.4807,3,22,77,27.57,31.8317,360.0988,25,0.8333,-0.6592,0.9305,-1.658,1.0046,industrial:ok; refinery:not_found; powerplant:ok; mine:not_found; gas_facility:ok; road:ok,synthetic,2,2.0,synthetic
SYN_PTS_037,344.1384,28.8243,80.0,night,3.123,4.2446,3.58,,3.9218,1.6975,1.0,1.0,1.0,0.0,1.0,1.2157,12.5058,26.2412,33.1945,15.0,3,22,72,29.0198,33.7959,345.3021,24,0.8,1.2114,1.0441,-1.1685,0.9864,industrial:ok; refinery:ok; powerplant:ok; mine:not_found; gas_facility:ok; road:ok,synthetic,2,2.0,synthetic
SYN_PTS_038,337.9302,9.9992,80.0,night,3.4988,3.2841,1.3633,,3.3146,0.0954,1.0,1.0,1.0,0.0,1.0,9.9046,3.3992,11.1837,34.7899,15.0,6,24,89,7.3101,11.1184,338.1865,28,0.9333,-1.9815,0.9925,-1.8939,1.0033,industrial:ok; refinery:ok; powerplant:ok; mine:not_found; gas_facility:ok; road:ok,synthetic,2,2.0,synthetic
SYN_PTS_039,355.527,17.6786,50.0,day,1.2981,,2.9916,,,1.6382,1.0,0.0,1.0,0.0,0.0,2.0698,19.5391,16.2636,50.2633,11.8642,4,24,69,16.6982,23.1839,354.0378,20,0.6667,-0.666,1.0039,-1.2743,1.0091,industrial:ok; refinery:not_found; powerplant:ok; mine:not_found; gas_facility:not_found; road:ok,synthetic,2,2.0,synthetic
SYN_PTS_040,348.2046,11.1285,50.0,night,3.3585,,,,,0.5996,1.0,0.0,0.0,0.0,0.0,3.2575,19.7518,8.229,53.8569,14.9048,5,21,79,8.935,13.9513,347.2788,24,0.8,-0.4073,0.9905,0.3322,1.0198,industrial:ok; refinery:not_found; powerplant:not_found; mine:not_found; gas_facility:not_found; road:ok,synthetic,2,2.0,synthetic
